INSERT INTO `t_user` (`user_id`, `user_l_name`, `user_f_name`, `user_l_kana`, `user_f_kana`, `user_account`, `password`, `usertype_id`) VALUES
('admin', '管理者', '　', 'カンリシャ', '　', '管理者', '5678', 9),
('u0001', '佐藤', '太郎', 'サトウ', 'タロウ', '粉砂糖', '1234', 1),
('u0002', '鈴木', '花子', 'スズキ', 'ハナコ', '花子', '1234', 1),
('u0003', '高橋', '一郎', 'タカハシ', 'イチロウ', 'タカハシ', '1234', 1),
('u0004', '田中', '美咲', 'タナカ', 'ミサキ', 'misaki', '1234', 1);
INSERT INTO t_usertype
 (usertype_id,usertype)
VALUES
 ('1','社員')
,('2','停止中')
,('9','管理者')
;

INSERT INTO t_genre
 (genre_id,genre)
VALUES
 ('1','うどん')
,('2','ラーメン')
,('3','その他麺類')
,('4','定食')
,('5','カレー')
,('6','ファストフード')
,('7','カフェ')
,('8','和食')
,('9','洋食')
,('10','焼肉')
,('11','中華')
,('12','その他')
;

INSERT INTO t_favorite
 (user_id,rst_id)
VALUES
 ('test','1')
;

INSERT INTO `t_rstinfo` (`rst_id`, `rst_name`, `rst_address`, `start_time`, `end_time`, `tel_num`, `rst_holiday`, `rst_pay`, `rst_info`, `photo1`, `user_id`, `discount`) VALUES
(1, '九産食堂', '福岡県福岡市東区', '00:00:00', '00:00:00', '000-000-0000', 65, 15, 'https://kyusan-syokudou.co.jp', 0xffd8ffe000104a46494600010100000100010000ffe1000c4e656f47656f0000005afffe0058426c656e6465723a46696c653a433a5c55736572735c557365725ce38397e383a9e382a4e38399e383bce383885ce696b0e38197e38184e38395e382a9e383abe38380e383bc5c73686f705f746573742e626c656e64fffe0022426c656e6465723a446174653a323032352f31322f32322030393a34333a3230fffe001a426c656e6465723a54696d653a30303a30303a30303a3031fffe0013426c656e6465723a4672616d653a303031fffe0017426c656e6465723a43616d6572613a43616d657261fffe0015426c656e6465723a5363656e653a5363656e65fffe001d426c656e6465723a52656e64657254696d653a30303a30312e3337ffdb0043000302020302020303030304030304050805050404050a070706080c0a0c0c0b0a0b0b0d0e12100d0e110e0b0b1016101113141515150c0f171816141812141514ffdb00430103040405040509050509140d0b0d1414141414141414141414141414141414141414141414141414141414141414141414141414141414141414141414141414ffc000110801b0030003012200021101031101ffc4001f0000010501010101010100000000000000000102030405060708090a0bffc400b5100002010303020403050504040000017d01020300041105122131410613516107227114328191a1082342b1c11552d1f02433627282090a161718191a25262728292a3435363738393a434445464748494a535455565758595a636465666768696a737475767778797a838485868788898a92939495969798999aa2a3a4a5a6a7a8a9aab2b3b4b5b6b7b8b9bac2c3c4c5c6c7c8c9cad2d3d4d5d6d7d8d9dae1e2e3e4e5e6e7e8e9eaf1f2f3f4f5f6f7f8f9faffc4001f0100030101010101010101010000000000000102030405060708090a0bffc400b51100020102040403040705040400010277000102031104052131061241510761711322328108144291a1b1c109233352f0156272d10a162434e125f11718191a262728292a35363738393a434445464748494a535455565758595a636465666768696a737475767778797a82838485868788898a92939495969798999aa2a3a4a5a6a7a8a9aab2b3b4b5b6b7b8b9bac2c3c4c5c6c7c8c9cad2d3d4d5d6d7d8d9dae2e3e4e5e6e7e8e9eaf2f3f4f5f6f7f8f9faffda000c03010002110311003f00f60a5a4a2bee0fcc85a5eb4945002d19a4a280168a3ad19a003345252d0014b4945002d145140051451400628a28a0028a28a0614514500145145030a53494b9a0028a3b51da90075a28a3bd0014b49d68a005a4a296800a4a3f9d2d200a28a2800a28ef45001451450014668a334005145140c28a28a0028a28a0028a28a0028a28a0028a28a0614514500145145002d148296800a28a4a00296928a005a4a28a0028a294d00145251400514514005145140052d2514005145140052d267068a005cd25145030a28a2800a28e945020a28a3da800a28a2810514514005145140115145255198b4b49da8a062d1de8cd1400514945002d1494b400a28eb4945002d14668a005a29296800a334514005145140051451de818514514005145140c5a2928a005a0526697bd200a33476a2800a28faf1542efc41a6584c90dcea36b6f2b9c2a4b32ab13ec09a00bf4b4d47591772b0653d0839069d40094b494b40051494b4005145148028a28a0028a28a0028a28a0028a28a000d145140c28a28a0028a28a00051451400514514005145140051451400514514005145140051474a2800a28a2800a28a2800a28a2800a28a2800a33451400514502800a28a281852d25140828a28a0028a28a0028a28a0028a28a0028a28a044545145510252d149400b4514500252d145030a5a4a280168a4a5a005a29296800a28a280145145140051451400514519a0028a28fad030a2b3354f13e91a2296bfd4ed6d07fd359554fe59ae2b57f8ffe12d30308ae66d4241fc36d11c7e6d8152e496ecb84273f85367a4515e03abfed3d29dcba668aa9e925d4b9ff00c757fc6b88d5fe3a78c356dc06a22ca33fc16b185fd4e4feb58baf4d753b2181af2e96f53eb19ae22b742f2ca9120eacec00ae5b57f8b3e13d1370b8d6ed9dc7f05b9f35bf25cd7c87a8eb7a86aefbefafae2f1bd67959ff0099aa24d62f15d91db0cb7f9e5f71f49eaffb4de8b6db974ed3aeef58746931129fe67f4ae1f58fda53c477a596c6dacf4f53d0853238fc4f1fa5791e6909ac5d79b3b2181a31e97f53a5d63e24f89f5c2df6cd6eedd4f548e4f2d7f25c0ae666919f2ccc5989e493926826a390fca2b17272dd9d718461f0ab1b9a0f8ebc41e1965fecdd5aead907fcb359094ffbe4e47e95e93e1efda775bb2da9aad8dbea518e0bc5fba93ebdc1fc8578b83403551ab38eccca786a553e289f5af87ff685f09eb2156e27974a98f1b6e93e5ffbe8647e78af42d3757b1d6201358de417711e8f048187e95f050356f4fd4eef4a9c4d657535a4c3a3c32143f98ae88e25fda479f3cb93f825f79f7ad2d7c93e1ffda03c5ba1ed49ae63d5211c6dbb4cb63fde183f9e6bd2fc3dfb4ee9177b5357d3a7b073c19213e6a7f43fa1ae88d684ba9e7cf075a1d2fe9fd5cf6aef4573fa0f8ffc3be2703fb3b56b6b873ff2cb7ed7ff00be4e0d7419f4e6b738da69d9852d2514085a28a29001a28a2800ef45145300a28a3348028a28a0028a3bd19a003145145300cd1451486145145020a28a3ad030a28a2800a28a2800a28a2800a28a2800a28a2800a28a2810514514005145140075a28a2800a28ef4500145145030a3345140828a28a0028a28a0028a28ef4005145250045451474aa330a28a5a062514514c414514b40c28a28a40145252d03168ef494b4000a5a6e7159da9f8974ad15775f6a36b683fe9acaaa7f2a00d3a2bceb56f8f5e13d37708ae66bf71fc36d11c7e6d815c5eadfb4cca772e99a32afa49752e7ff1d1fe359ba908eece9861ab4f68bfcbf33deaa39ae22b742f2c891a8eace4015f2a6adf1c7c5daa6e03505b243fc36b185fd4e4feb5c6ea3ad6a1ab397bdbdb8bb6f59a567fe66b07898ad91d90cbaa3f89a47d6bab7c55f0a68b9171ad5bb38ea901329fc9735c56affb4ae8b6bb974fd3eeaf58746931129fe67f4af9c49a4cd652c4cba23b6197535f136cf59d5ff690f10de165b2b6b4d3d0f43b4c8e3f13c7e95c4eaff11fc4dae645deb576ca7aa46fe5afe4b815cde79a6935cf2ab396ecec861a8c368a1ef233b16662c4f524e49a61a4278a4ce2b3b9d2293499a4271484d0302734d34669a4d2016826933484d300269921e052e69929e94804068ef4d0696801d9a7034c06941a007d2834d0697340122b152082411d08aeb340f8a5e29f0ded167ac5c1897fe594e7cd4c7a61b38fc2b901c53b354a4e3b3339d38545692b9eefa07ed417516c4d67498e65ef2d9b6d3ff7c9c8fd6bd27c3ff1bbc23afed51a90b198ff00cb2bc1e5ff00e3df77f5af90334e06ba23889adf5382780a52f8743ef582e62bb896486549a36e4346c181fc45495f0ce8fe24d53409449a76a17364d9cfee642a0fd47435e8da07ed1be25d336a5fa5beab18ea645f2dff0035e3f4ae88e220f7d0e09e5f563f0bbff5fd753ea0a2bc9fc3ff00b477873520a9a84571a54a7a975f313f35e7f4af45d1bc4fa4f88221269da8db5e2fa4520247d47515d0a4a5b33cf9d39d3f8d58d3a5a28aa330a2928a005a29296800a28a2800a28a05200a28a2800c514514005141a2800a28a2800a28a2800a28a2800a28a2800a28a05001494b45001452506800a28a3b50014b4945300a28a280168a4a0520168a28a0028a28a0028a28a002928a298052d25140115028a3ad332014519a2800c514514c028ed45140c281450cc154b31c003249a4311982296620281924f6ae6356f8a1e17d1722e359b7671d5216f31bf25cd792fc61f8bc75669744d166c58a9db717287fd71eeaa7fbbefdfe9d7c749ae5a95d45da27ad4300ea479a6ec7d13ab7ed1da2db6e16161757add99f1129fe67f4ae2f57fda2fc4179b96cad6d6c14f43b4c8e3f13c7e95e539a4cf35cb2af51f53d28606847757f53a3d5be2378975ac8bad66e990f548dfcb5fc9702b9d791a462cc4b31ea49e4d349a69ac9c9cb7676c69c21f0ab0ecd34d2669335258b9a693413484e290c09a4cd04d3734c05cd266933484d20149a6e682690d240069339a09a693400a4d309a527d69b9a00526933484d213400134c94f229c4e2a294f228000697b53734a2801c0d283f9d3334e073400f0696980d3b3c66801c0d381e2999a5069812034a0d301c5385201f9e2941a6034a0d00480d4b05c4b6d2896191e2917a3a31523f1150034a2989abee779e1ff8d3e2cd036226a6d790affcb2bc1e60fcfef7eb5e91a07ed3903ed4d6749788f79ad1f70ffbe4e31f99af9f41e29456b1ad38f5392784a33fb36f43ec9d03e29f85fc47b45a6ad02cadff002c673e53e7e8d8cfe15d5ab0700a90ca7a115f06835bda178e75ef0d95feced56e6dd47fcb30fb93fef93915d31c4afb48f3e7973fb12fbcfb568af9c741fda5357b3da9aad8417e9d3cc88f94ff00d41fc857a3681f1efc2baced59ee25d3263c6dba4c2ffdf4323f3c57446ac25b33cf9e16b53de27a3f7a2ab586a967aac225b2ba86ea23fc70c8187e9566b539428a28fc68016928a5a0028a2928016928a5a004a28ef45002e68a2928016928a5a002929692800a5a292800a28a2800a2969280168a4a2800a3a514500145145001de8a3a5140052d25029007ad14514c00d145140076a28a28017149d68ef45004468a28aa320eb40a4a5a0028a28a0028a29090064f4a000900124e00ef5e05f18be2f9d41a6d0f449b16a3e4b9ba43feb3d514fa7a9ef4ff008c5f17cde19f42d0e6c40329737719fbfea8a7d3d4f7af14cf35c35ab5bdd89ee60b077b55a8bd17ea293484d21a426b84f785cd266933499a00526909a4cd21340013484f14134dcd002e6909a4cd266a4604d19a426909c5300cd266933487a520173499a4cd26680149a426909a426800269b9c504d26680149a693416007240aaf2df5bc3f7e68d7eac28027ce0d4729e455097c436311ff005db8ff00b209a8e3d7adae492378038c9140234734b9aad1dec327dd917e84e2a7041e87340ec3f34a0d37a8a506801e39a5cd301a70a04381a7034c06941a007834e14c0696801e29c0d301a51400f14e06a3cd381a007834b4c079a703400f069c0d460d381a007d385479a703401734fd4ef34a984d657535a4bfdf864287f4aefb40f8f3e29d1caa4d711ea710e36dd27cdff7d0c1fcf35e6c0d381ab8ce51d998ce8d3a9f1c6e7d89f0f3c7f67e3fd185d420417719db716c5b2633edea0f635d5d7c5be0ef16def82f5b8752b26e57892227e5913ba9afaebc2be28b1f17e8b06a56126f8a418643f791bba9f715e952a9ed1799f3b8ac33a12baf859b149451c56e708b45277a334805a2928a601451450014bd2928a005ed466928a0028a28a005a4a28a0028a28a4014518a29805145140051477a2800a28a2800a3340a2800a28c51da800a28a2800a3a51eb466800a2834500147bd140a00868a28ab320a5a292900b45149d3da8017ebc5784fc63f8bfe679da0e8737cbca5d5dc67afaa29fe67f0a97e31fc60d827d07439fe6e52eaed0f4f5453ebea6bc249ae3ad5adeec4f6b0583e6b55a8b4e885cd25266909e6bce67d0013486909a426980b9a4cd2526680149a426933484d2003499a434d670a39207d4d301d9a4aab2ea9690e77dcc631db70aa52f89ec23e92173feca9a406b1a426b9e97c610affab8246ff788154e5f185c30fddc31a7d493401d613484d7112f896fe5e9284ff7545539b52ba9befdc487db71a433be9278e219791547fb47154e5d6eca2ceeb943fee9cff2ae10b12724e4d213401d84be2bb24fbbbe4fa2ff008d5497c6207fabb727fde6ae6683401b52f8aeedfee2c71fe19aa72ebb7d2e7370c3fddc0aa141a4048f7534d9df2bbffbcc4d459a3349b87ad002e6af581fdd37d6b38b8cd59b4bc8e252ac4824fa526ca5b9a0695269233f23b2fd0e2a25ba89fa3afd09a5c83d0d4b2cbb1ead731ff1eeff007855a8b5d61f7e207fdd35919a776a2ec5637e3d6add8fcdb90fb8ab715ec12fdc954fb679ae568a77158ec739e452835c925c4911f96465fa1ab31eb1731ff1071fed0a7cc2e53a606941ac38bc407fe5a45f8a9ab916b76cfd4b21ff006853ba1599a40d3b355a2bb865fb92ab7d0d4f9fca9887e6941a6034a0d00480d2834ccf34e06801c0d381a6034e06801c0d381a666941a00901a5cd301a5cd00499cd769f0c7e22dc78075a1212d2e9d390b73003dbfbc3dc7ebd2b89078a5cd5464e2ee8cea423522e32d8fb9b4dd46df57b082f2d2559eda650f1c8bd08356735f317c19f8a6de11bd5d2f51909d1ee1b866ff960e7bffba7bfe75f4e248b2a2ba3064619047208af5a9cd4d5d1f2b5e8ca84f958b4b49456873877a28a2800a28a2800cd145140051476a2800a28a2800eb4518a3340051451400514514005145140077eb475a3a51400514519a0028a4a0d300a514940a005a28a290051451400514525300cd14514011519a28aa320a28a28017debc4be327c5ffb289b41d0e6fdf1ca5cddc67ee7aa29f5f53da9df19be3247a5acda1e8d70a2e8e56e6ed5bfd50eeaa7fbdea7b7d7a7ced36b367164bdd213df0726b8ab56e5f763b9ece0f07cf6a95169d11709cd266b1e5f1558c7f74bc87fd95ff1aa72f8c507fabb763fef362bcfb9f407479a4cd7232f8bae9cfc91c69f81354a5f10dfcbd672a3d14014ae07724fe150cb79043f7e644ff7980ae025bd9e6fbf348ff56350139345c67752f882c22eb70adfee826a9cbe2eb44fb8923fe000ae4334945c0e8e5f18b7fcb3b603dd9aa9cbe2abd93ee948ff00dd5ff1ac7a43d6901766d66fa6fbd72fff000138fe5551e6924e5dd9ff00de39a61a4cd2b8c2933cd19c5274a5743b303cd2506928e643e561484f14629314b98394338a4268c518a5cc3e50dd4d24f6a5c526295d8ec8462690e4d3a9b8a570b0dc668a75262819a1a168926b976d0248b16d5dc588cf703fad74771f09f528e2f356ead9a3c6464904fe9557e1f0c6a93ffd72ff00d9857af5cffc83a3fa573d49b8bd0de9c1495d9f3bcf03db4f244e30f1b156c7a838a6ab15e848fa1ab7abf3aade1ffa6cff00fa11aab8adcc0916ee55fe327eb532ea320eaa0d55a5029817975153f7948fa54ab79131fbdcfbd66d18a57035d6457e8c0fe34fac60314f595d3a3114ee06b038a3359cb7922f707ea2a55bf3fc4bf91a7702e8a9a3bb9a1fb92b2fb035416fa33d72b530b88dba38fc6981a916b9751f5657ff007855b8bc47ff003d22fc54d61a9c8a5a2ec56474f16b76b275729fef0ab915d452fdc915be86b8eed4034ee2e53b7069d5c6c57d710fdc95c7e35722d7ae63fbdb641ee29dc5ca74f9a7035850f88d48fde4247ba9cd5d8b5bb593abec3fed0a771599a229d9aaf15c452fdc915be86a6cd310fcf14e06a3069c0d003c1af75f817f157cb68bc39abcdf29f96ce773d3fe9993fcbf2f4af09069cae5086538607208ed5a539ba6ee8e7af4635e1cacfbbbb515e51f057e2a2f8a2cd347d4e61fdad02feee463ff001f083bff00bc3bfaf5f5af56af5e32525747cad484a9c9c65b8b9e28a0d255198b45251400b452514805a29296800a29296980514525002d14941a005a2928a0028a28a0028a3345001451450014514500145145020a28a2818b49d28a2800a28a2800a28a28022a28a2acc805437adb6ce76e988d8fe86a6a8aea13716b2c40ed2e8541f4c8c50267e6bdd4ad34f2333162589249ce79a84d7b2f8abf659f19688d2496096fadc19ce6d9f6498f756c7e84d7956afe1fd4b40b8306a561736128fe0b88990feb5e1ce1287c48fb2a55a955d2125fd7919c4d21a76293158731d3ca36929d8a314730ec328e94ec518a5763b2198a42334f239a4c52bb18c22929e4521148a1b8a6e29f8a4c62818cc518a7628c6280198a4a7e290d20198a314ec52114c06d2629d8a31400dc52629f8cd5ab3d1efb5160969657172de90c4ce7f41401448a4c576163f08bc6fa9e3ecde11d6e507a1161281f995ae974ff00d973e28ea4018bc23771a9ef3c9145ff00a13034ae87667955010b1e013f415ef9a77ec5bf12a4027b9b3d3ac923f99967bc5270393f743573eb047170a8ab8f415129a5b16a0dee71de01b7923d42e1de36553181965c0ea2bd66f3fe41f17d2b9c8fafe22ba2bc3fe811fd2b9a6f99dce882e5563c1f58b49e3d46e99e1910195882c8477354315eeaea189c807eb5526d22c6e73e6da4321f56415a2addd19fb2f33c5a8af53d6bf67bf1e4c9fdaba6f84afae747b9512dbc968a24dc847042a92c3f115c46ade08f10e839fed2d0753d3c0ea6e6d248c7ea2b7524cc5a68c4029714b820e08c1a00a64894b8a5c514008052e29714b8a004c518a5a5c5000a48e848fa548b3c8bfc47f1a8f14b8a60584bd71d403522deaf7523e955314b8a2e05e5ba8dbf8b1f5a995d5ba303f8d65e2968b81aa0d2d660775e8c6a45b9917be7eb45c0d05241c838f7ab316a1710fdd99c7d4e6b2d6f4f75fc8d48b7887ae453b81b917886e53ef04907b8c1ab9178910ffac8597fdd39ae6d67463c30a9411d8d55c5647590eb5692ff00cb5da7d1862ae473c728ca3ab0f639ae241a5562a720907d453b8b94f41b1beb8d32f21bbb595a1b885c3a48a70548afac3e167c48b7f1f68c37958b54b750b7108eff00edafb1fd2be188753ba87eeccdf4273fceba2f097c46d57c23acdb6a366cbe7447907203af753ea0d7451adc8f5d8e0c5617dbc6ebe247df9454163706eecade723699635723d323353d7ae7ca261451de8140c28a28a0028a28ed4005145140051451400514514005145140051451d2810514514005145140051451400514514005145140051451400514519cd00145145004468a28ab320a05145030aa9a9e9565abdabc17d6905e40c30639e30ea7f0356e9b2711b1f6a00f89b58f09697770de116ab032cae11a21b481938f6ad093f65bf11dee8163aae8f7769a825cc0b37d9dc98a45c8ce06783f98a9ae0e6d2e8facac7f535f5378006df046823fe9ca2ffd0457cfe0e11ab39a91f5f98d69e1e9d374ddae7c15e23f01788bc24ecbabe8f776201c799244761fa38e0fe75815fa612c29708c9222c88472ac320d7c95f1afc2fa45a7c45d412df4eb7b78f64676448117254127038adf11423463ce99860b193c4cfd9c96bdcf03a4c57a543a4d923002d62c1ff6053ec3e1645e28d592decae0d9b382c414de38f41915e6aa8af63db74da573cc88a422bdd61fd9c6d635c5c6b13bb8fbcb142a303f126b774bfd9c342b989991b52bd64fbc15863a7b2f1cff002ad96ba18bd15d9f3662908afd02f86bfb317c3d97c3569777fe1af3ef18beefb5cd293c31032bbb1d31dabd16c7e0878034e20c1e0ed1948e8cd668c7f320d62ea24ec6d1a6da4cfcb80858e0024fa015a761e13d6f55c7d8b47d42f33ff3c2d5dff90afd58b1f0c68fa5a85b3d2acad547686dd13f90ad148d507caa147b0c54fb5f22fd9799f973a77c0df881aa902dfc1fac1cf792d1a31f9b015d258fec9df146ff001ff14cb40a7f8a7ba8571ff8fe6bf48e9452f6acaf668f802c3f61df88976a0cd2e8f659ea25ba6623fef9435d2e9ffb016bd301f6ef14e9f6c7b882dde5fe656bed9a2a7da487ece27c95a6ff00c13ff4e420dff8beea61e96d66b1feaccd5d2d87ec25e03b6606e752d6af3d9a78d01fc9335f48d14b9e4c7c91ec78ad8fec79f0b6cb1bb429ae88ef3decc73f80602ba5d3bf678f86da60021f06e94d8ef3c1e69ffc7b35e8940a9bb2b95763074df007867470058f87b4bb41ff004c2ce34fe42b6a2b686000470a463fd9502a434a290c414bd283450057d44e34fb93e9137f2afcd96e58fd6bf48f573b749bd3dc42e7ff001d35f9b67a9a007c7d7f115d15effc78c5f4ae763e48fa8ae86fbfe3ce2fa0a4f7435d4ce3d4d141eb482a0a3efaf85031f0cfc31ff60f87ff004015d4bc6ae30eaac0f62335ccfc2d18f86de181ff0050e83ff4015d45510606b3f0fbc31e21046a7e1dd2f50cff00cfc5a46e7f515c3eb3fb2bfc2dd6c932f84ed6dd8f7b391e0fd1180af57a0d3bb4164cf9c358fd83fe1eea0c5aceeb57d333d162b859147fdf6a4feb5c46afff0004f58cb31d2fc64c83f852eecb77fe3cae3f957d8d475155cf25d49e48be87c03ab7ec17e3db32c6cb51d1b5041d3f7cf1b1fc0a63f5ae2356fd943e2968fb8bf8565b945fe2b59e2973f401b3fa57e9ad154aa489f668fc93d5be19f8b7420cda8786357b345eaf35948aa3f1c62b9d68da362aea508ecc306bf63880c304645656a9e13d135b429a8e8f617c87a8b8b647fe62afdaf913ecfccfc8514a057ea26b1fb377c34d6d48b8f0769b113fc56b1980ff00e3845711acfec3ff000db5207ecb1ea7a51ffa76bb2c3ff2206a7ed113ecd9f9e58e29715f6aeb1ff04fbd32424e95e2ebbb71d96f2d565fd54aff002ae2758fd81fc616ac4e9baee917e9dbcef32163f86d61fad57b4893c923e61c52e2bd9f57fd903e28e92cdb7404bf45fe3b4bb8981fc0b03fa5713ab7c1df1c684cc2fbc25ac4217ab0b29197fefa008aa4d3ea4d99c7e297152dc5a4f692149e192171c15914a91f9d4605310628029d8a00a004c5386474268c53950bb00a09278c0ef4c072cce3f88fe3522dd38ea01aebbc33f06bc65e2c2a6c341baf29ba4d70be4c78f5cb633f8574de2afd9db56f03691657fac5fdae6e2710f916bb98afca4e7710076f4ad7d9cd45c9ad11cff58a4e6a0a49b6797ade0eebf956a68da4df6bf72b069b63737d293f72de2673fa0afa0be05fc28f0c6a3ac5f9bfd323d47ecf123462e89700927276f43d3d2be91b0d32cf4ab7582cad61b4814616382308a3f015d34282ab0536f4387178e787a8e928ea84d2e36874db4461b59624041ec702ad668a2bd63e65681da8a29280168a2834005145140051451400514514005145140051451400514514083a5145140c28a28a04145145001451450014514500145145001451450014514500454514559905145140c2993710c87d14d3f1515d9db6b31f443fca803e3b94e74e94fabb7f3afabbc10bb7c1da18f4b287ff004015f27b9ff89539f5635f5a7841767853465f4b38bff4015e1e5df14d9f559ce90a6bd7f435ebe58f8dc73f123531e8221ff90d6bea7af94fe34b6ef893abfb18c7fe435aebc77f0be670651fef0fd1fe87151f2ebf5aed3e1d2ab78880640e3c97c035c5c7feb17eb5d97c3d20788949e9e5373e9d2be77ed23ec5fc2cf56054b94c069385036e08fcbfcf15dc7c302449a865761f94139ebc9ae0d772c88a390d9c9c91df8ff1aef3e17a3236a39fbbf201c60e7e6cd7a14be2479b5ff86cf5bd2f8b24fc7f9d5baaba5ffc78c7dbaff3ab75c553e3677d2fe1c7d04c5028a5accd44a28a2800a28cd1400b49477a2800a5a4a5a004a5a4a5f5a0031487f3a5a280286ba71a1ea07d2de4ff00d04d7e6f57e8f7895b67877546f4b594ff00e386bf38680248ba8ff7857417ff00f1e917d0573f17de1fef0ae82fff00e3d62fa0a4f7435d4cf3d693bd04f3495051fa01f0c976fc3af0c8ff00a8741ffa2c574d5ce7c371b7e1ff0086c7fd43adff00f45ad7475440b4945140051451400519a28a0028a28a0028e868a2800a2834038a002823b75a28a00cdd6345b1d56c2e22bab2b6ba568d86d9a257078f715f29f8a7e096856d7486fb42b4592552cab6c0206c75cedc62bebb9bfd4bff00ba6bc47e26ca52f6c954b2931b1041c0ebdfdabae8af764ce3ad26a715ea7cfd7bf017c3374acf145776657e5658e7ce0fb06ce7bd79c45e17b2d0f58b8b58d7ce114af1ef940248048fa57d18b2edb72cb9dc18b6edbb7703c75fae79af09d50e7c4f7df2f967ed127ca7b7cc78a9a8f434a7b9567f0fe9b719df670e7d42e3f957d2ff00047c13a0e9be0ad36f6df48b48ef640e5ee4c40c87e73fc479ed5f3b8afa93e110c7c3cd23fdd6ff00d0dabb72f6fda3f43c9ce3f831f5fd0ec00c0e2bc87f6943ff0014d68e3fe9fc7fe80d5ebf5e3dfb4a1ff8a77451ff004fdffb2357a989fe0cbd0f0305fef10f52afc00ff90b6b3ff5c62fe6d5ed75e2df003fe429ad7fd728bf9b57b4d6782fe047e7f99b665fef73f97e4828a28aed3cc0a28a2800a28a2800a28a2800a28a2800a28a2800a29296800a28a4a005a3ad14500145145001451450014514500145252d00145252d00252d145001451475a0028ed452500474669296acc828a28a002abea07161727d236fe5562aa6b0db749bd3e90b9ff00c74d033e3d7ff9047e26bebbf0caedf0de943d2d62ff00d0057c86ff00f2085afaff00411b743d387a5bc63ff1d15e1e5bf6fe5fa9f539ded4d7afe85faf943e3236ef891acfb3a0ff00c86b5f57f5af933e2f36ef88fadffd7551ff008e2d7563ff0084bd7fcce2ca3fde1fa3fcd1c8c5feb17eb5dafc3a457d7650c9bc0b773fcab8a8bfd62fd6bb7f86e9bf5b98040c7c8239ff00796be7d7c48fb07f0b3d3822ca46f6da5fe5202fea7dbb57a07c328d905f8233f7075e3f8ba579da292c446a1c871972dfcabd17e198cc17dc00a1d40c74c60fff005ebbe97c479b5ff86cf57d378b28ff001fe7566abe9fff001e517d3fad58c570cfe37ea7a14be08fa05145150681d28cd2d2500145145002d1fa5277a2800e9451f8d1d2800a5a2928003452d250064f8b9b6f857593e96731ff00c70d7e7357e8af8d9b678375d6f4b19cff00e436afceaa60490fde5ff7856fea1ff1ef17d056043f797fde15bfa8ff00a8847d2a5ee86ba99f494668a828fd06f87c36f80fc3c3d34f83ff0045ad741587e055dbe0ad057d2c20ff00d16b5b9544011477a28a0028fe74514001e28a3a51f8d00068a3d28a0028a28ed40051da8a2800a3af4a28a0064ffea24ff74ff2af0ef89ca0ea162cdb70b193838c8e7af3dabdc2e3fe3de4ff0074ff002af0cf89e5cea7628a76830b1076ee0c73c0c57651f82470d7fe2c3e6714be7658608443c6d39e3ffafc57846a631e26be1927fd224e4f5fbc6bde522603ce00e19886565208cfff005c57826a031e23bd1907171272bd3ef1e959d4d8de9ee4f5f52fc2418f879a3ffb8dff00a19af96457d51f0987fc5bdd1ffeb99ffd08d76e5ff1cbd0f2338fe147d7f43aeaf1cfda54ff00c48744ff00afdffd90d7b19af1bfda54ff00c493431ff4f87ff4035eae27f832f43c0c17fbcc3d48bf67eff908eb7ff5ca2fe6d5ed35e2ff00b3f7fc8435cffae70ff36af68acf07fc08ff005d4db32ff7b9fcbf24145068aed3cc0a29296800c5252f5a4a005a28a2800a28a2800a28cd25002d14525002d149da9680129690d140076a5a4cd140051451400514502800a28a33400514525002d2d2668a005a4a28a005a4a3e94500454514559880a5a4a2818b59fe206dba16a27d2de43ff8e9ad0acbf1436df0deaa7d2d653ff8e9a435ab3e4594ff00c4a12bec3d2176e9366be90a7fe822be3c9bfe41510afb1b4f1b6c2d87a46a3f4af132cfb7f2fd4fa7ceff00e5dfcff42c57c8ff00159b77c44d74ff00d37c7fe3a2beb8af90fe281ddf1075d3ff004f2c3f9574e3ff0084bd7fcce4c9ff008efd3f547350ff00ac5aedbe1d165d6672a33fb83dbdc57130ff00ac5aeefe19c7bf56ba2572161f4cff0010af017c48fb07f0b3d2a15921876310a36f09b81e4fe75e87f0ce268ad2f4336ef9d7a8c638cf4fc6bcf01f2c7c98dc46067a9fe83d715e8df0d01161765baef5cf18fe1aefa5f11e657f819ea760316710f6ab15058e7ec717fbb53d70cfe267a54fe05e82d25145416141a28a0028cd1450018fce8eb451400b452629680131c514b499a005a4a28a00c1f880db3c09e213e9a7cfff00a2dabf3b6bf43be2436df87fe243e9a75c7fe8b6afcf1a00960fbebfef0aded47fd4c5f8560db9f9d7fde15bda91fdd45f8527ba1aea67514515051fa1fe0d1b7c23a20f4b287ff4015b1597e151b7c31a40f4b48bff004015a9d6a880e68a28a003345145001451475a0028a3340a0028c51462800a3b51da8a003347bd149400cb9ff8f797fdd3fcabc47e24b88f52b560a038809dc7b7cdf9d7b6dcff00c7b4bfee9fe55e1bf14151b50b52e095f28a9c01c649aeca3f048e1adfc58fcce3164023e666e0e5813927d31ea3ad7805c317d72e99bef199c9cf1dcd7d01ba464310318401460f5dbdff001e95e0378bb3c4178b9dd89e41bbd79359d4d8de9ee58afaa7e148c7c3ed1bfeb91ffd08d7caa2beacf85631f0ff0045ff00ae3fd4d7765ff1cbd0f1f38fe1c3d4eafad78cfed2c7fe24fa10ff00a7c3ff00a01af66af17fda58ff00c4af401ff4f6dffa0d7a989fe0cbd0f0703fef30f50fd9fbfe3fb5c3fec43ffb357b4578c7ecfdff001f9aeffbb0ff00ecd5ecf59e0ff811feba9ae65fef73f97e484a28a2bb4f3428cd1450014b494500145145001451466800a28a33400514514005145140051494b40076a3a514940052d25140077a5a4a280173494519a0028a28a005cd148296800a28a4c9a005a4a28a008e8a28ab310a05145001591e306dbe13d64fa59cdffa01ad7ac4f1c36df06eb67fe9ca6ffd00d4cb665c35923e4d9bfe41b00f522bec9b418b5847a20fe55f1c38cd9da8ff00687f3afb220188631e8a2bc6cb369fc8fa5cef7a7f3fd092be3ff892dbbc7baf1ffa7b7fe75f6057c77f105b778e75e3ff004f92ff00e846b7cc3f86bd4e7c9ff8d2f4fd518509fde2d77ff0c1776a57a0e3698304fe22b8083fd68aeffe1781fda576c467118c6073d4d7811f8d1f5d2f859e8d200dbd577003876e07f9fad7a0fc2c471a65e1662cc66e5b3c1e3a8af3d5c10479a482472c39f6feb5e91f0c98b6957649cfeffae3fd91d2bd1a5f11e6623e03d52cbfe3d22ff7454c2a1b3e2d62ff007454ddabcf97c4cf4a1f0a0a28a2a4b0a28a2800a28a2800a28a2800a3bd14b400945068a0028a294500731f13cedf873e273ff50db8ff00d166bf3d335fa11f155b1f0cfc527fea1b71ff00a2cd7e7bd004d6ff00eb507fb42b77523fbb8bf0ac2b6e654ff7856e6a5f762fc293dd0d75285145254147e8bf8706df0fe983d2d621ff008e8ad1aa5a18c68b603d2de31ff8e8abb54405145140094bd28a2800a28a2800a28a2800a28a4a005a28a2800a28a28022baff008f697fdc3fcabc2fe271c6b167f2e42c5939e9d4e2bdceeffe3d65ff0070ff002af0cf894c3fb66d723858724e3fda3c576d1fe1c8e1adfc58fcce34b4a394c3393c9e80e3dff2af01b8ff0090edd64f3e749fccd7d050482439c170ac41c0c7d3fcf35f3ecea575cba079226907ea6b2a9b237a5b966beadf85c3fe280d17feb80fe66be5115f577c30ff00910744ff00af71fccd7765df1cbd0f1b38fe1c3d4ea6bc5bf6963ff12ff0f8ff00a7a7ff00d06bda6bc57f696ff8f2f0f0ff00a797ff00d0457a989fe0cbd0f0f03fef30f524fd9f7fe3e75dff00761ffd9ebd9abc6bf67dff005faefd21ff00d9abd9735183fe047faea6998ffbd4fe5f920279a290d19aec3cd16933451400b45251400bda8cd25140052d251400bda9334514005145140051494b400514506800e945252d0014668cd25002e68a4a28016928a2800a5a4a280145148296800a29296800a2928a006514515662147e14514005607c406dbe07d74ffd394bff00a09adfae73e23b6df01ebc7fe9ce4ffd06a27f0b35a7f1c7d4f9671ba2b11eaea3f515f63c7c22fd057c770ae64d397d6541ff008f0afb157ee8fa579196fc323e873b7efd35e4c757c6fe3a6dde33d70ffd3ecdff00a19afb1ebe34f1a367c5fad9ff00a7d9bff4335ae61f047d4cb26fe2cbd3f532a0e6515df7c32e2feef91b4a28c6719c93c570107fac15e89f0b8219f50ce03ec4209e80739af0a3f1a3eb25f033d02001e40387618c827a9fafe15e97f0d1d4e89361ba4d83c630768ff1af3852207d9e5fc9f7c30e38fc2bd1be19208f419b273fbf3df39e16bd0a5f11e6623e03d4ed38b58bfdd15375a8ad3fe3da2edf28a9735e7cbe267a90f85051451dea4a0a28a2800a28a2900514514c028a296900945147ad300ed4514500725f16ce3e1878a4ff00d43a7ffd00d7e7dd7e80fc616c7c2df14ffd83e6ff00d04d7e7f75a009adbfd6a7fbd5b9a99e23fc2b0ed7fd747fef56dea7ff002cff000a4f71ad8a1e940ea28cd0bf787d6a0a3f477491b74ab21e90a7fe822add56d3b8d3ed474fdd2ff21566a880a28a3b5001494b45001476a28a0028268c518a0028e868ed498a005ef494b466800cf4a28a28021bce2d26ff0070ff002af0df892e46b5071c791ce7a753fe35ee37bff1e937fb87f95787fc48c0d6add8140de4606eedc9fe75db4bf86ce1adfc58fa1c5abc5e46f392ea4e502e371ce49cf7f4af9fe439d62e0fac8fc7e26be848b7940afb4739c329e0f63c57cf4e73ac5c7fd747fe66b2a9d0de96e5bafac3e1971e02d13febd96be4f06beb1f86a3fe283d0ffebd96bbf2ef8a478d9cff000e1ea74d5e29fb4b1ff45f0e8ffa7893ff004115ed55e27fb4b1fdc786c7fd3793f92d7a589fe0c8f0f01fef30f52cfecfbfeb75dffb63ff00b357b18af1dfd9f7efebbf587f9357b10a9c27f0225e63fef53f97e4828a0d25761e70a68a4a280173c514525002e68a4a280168a4a280168a4a5cd0014945140051451400b494514005145140051451400514514005145140051494b408296905140c28a28a0028a28a006519a28ab310a28a2800ae63e269dbe00d74ff00d3ab8fd2ba7ae4fe2a36df879ae1ff00a7723f51513f859ad2fe247d51f345a2eebcd257d678c7fe3c2bec21d057c83a6aeed5b455f5b9887fe3e2bebf1d2bcacb7e097a9efe77fc487a076af8c3c5adbbc53ac1f5bc9bff004335f679e95f167895b7788b553eb7729ffc7cd5e61f0449c9bf893f4295bffacfc2bd0be17b2acda865981608b85f4f9b9ff3eb5e7907facaf47f85cfe50d45d40de0c6013f56af0a3f1a3eae5f033bf0c4c4396072067790393c7f9e2bd3fe1e13fd872640ff005a7a719e0579746ad85650db476750370e9ebdb15e9ff0ddc3f878b020833373f80af428fc479788f80f50b618b78ffdd1fcaa4a8e0e218ffdd1fcaa4af39eecf563f0a0eb4514522828cd1450014b494b480293f4a28a601d28a28a00296928a000d18a28a00e2fe339dbf0abc53ff5e120fd2be01cd7df7f1b9b6fc27f13ff00d7938af8168026b5ff005f1ffbd5b7a9f58eb12d3fd7c5f5adad4fac749ee35b14696319917ea29b4f8799a31fed0fe75051fa4164316500f48d7f954d515a8c5ac23fd81fcabe7df891fb525f7817c69aa6850e836f7696720413bdc3296ca86e9b7deac83e873c51fad7caaffb62eb07eef87ac97eb339fe955dff006c1f111fb9a2e9abf52e7fad219f59506be457fdaf3c5473b34cd297ea921ffd9ea17fdadfc6047165a4affdb17ffe2e80b1f60515f1d3fed67e353d21d2d7e96edffc5d353f6aff001beec14d31beb6cdff00c550163ec7a2ab69970d77a6da4f2637cb123b63a64806acd0210d14503a5002d252e68a004a2971494010deff00c7a4dfee1fe55e15f136431eac8558238854afb9dc78af75bdff008f29bfdc3fcabc23e26381adc48439dd6e3903233b8febfe7b576d2fe1b386b7f163e8727bda77611331400821477f7fc2be7cff0098a4ff00efb7f3afa0846235605bcb0c43609e54e3a9cd7cf838d4e7e41f9dba7d6b1a9d0de9752e57d67f0e063c09a1ff00d7aa7f2af932beb4f8743fe285d0ff00ebd23fe55e865df148f1b39f821ea7475e25fb4b7fabf0dffd7697f92d7b65788fed2a7fe45a1ff4d65fe4b5e962bf8323c4c07fbd43d4bbfb3e8e35dff7a1fe4d5ec23a578ffecfa3e4d74ffb717f26af61a584fe0447987fbd4ffae8843475a0d25759e78b4526696800a28a4a005a28a2800a28a2800a28a2800a28a4a005a293b5140828a28a0614b49450216933451400b494502800a28a2800a28a2800ef4b49d28a005a4a28a062d275a28a04368a28ab3201451450015c87c5b3b7e1d6b67fe9881ff8f0aebab8cf8c4db7e1c6b3ee883ff1f5acaa7c12f437a1ad587aafccf9df471bb5fd057d6ee1ff00d0c57d79dabe46d006ef13f8787ade43ff00a18afae6bcccb7f872f53ddceff8b0f410f435f14ebadbb5bd45bd6e243ff8f1afb59ba1fa57c4bab1ddaade1f599fff004234f31f8622c9be39fa10dbff00acfc2bd2be16c48f16a0580251908c9c678607f9d79adbff00acfc2bd23e18a0682ffe61cb28c7b004d7890f8cfaa97c07726dbf75bcb8c93c82791f8f7af54f87259bc38ac7009918e00c0038af2f665958281b5cb60e09e0f7fc2bd4fc009b3c3c8a4eec4ae01c9e467debd1a3f11e5e27e03d321ff549f414f14d886234fa0a762bcd7b9eb2d828c518a290c28a28a0031451403400518a28a0028a3a51400514bde9334001a28eb4500709f1d5b6fc23f137bda91ff8f0af822bef2f8fadb7e10f894ffd3003ff001f5af8368027b3e678ff00dead9d53ef256359ff00c7c47fef56c6a9f7d2a5ee35b14aa4b519b9847ab8fe75154f60337d6e3d645fe75251fa3f6fc4118ff647f2af827f6806ddf187c4dff5dd7ff45ad7def0f1127fba2be03f8f0fbfe2f789cf3ff1f58ffc756ac83cefc49ab4ba3d9c52c48aeccfb7e7fa57347c6f7c7a4708ff00809ff1ad6f1dff00c836dbfebaff00435c4574d3845c6ed184e4d3b266f1f1aea27fe790ff00807ff5e9a7c61a911c3a0fa20ac3a5cd6bc91ec67cf2ee6b9f16ea67fe5e00fa20ff000aed3c33772dee9b1cb336f91872718ee6bccebd1bc1dff2078be9fd4d63562947446b4e4dbd4fd35d0ffe409a7ffd7bc7ff00a08abb54b43ff902e9ff00f5ef1ffe822aef5ae6360a5a28a002938a5a4c5002d1494500437e71653ffb86bc33e21855d7e394fcce902e1324f76e40cd7b95ff0016537fb86bc27e24ef4d6e390b009e485e4f5e4e463e95db4bf86fd4e1adfc68fa1cb2284881032eca78c0c8273d47f5af9da218d42507b330fd6be88711471c891b18d9b0ca7233cf615f3bc2317f28ce705b9fc6b1a9d0de9752f57d6bf0f78f03e85ff5e91ffe822be491d6beb7f87fc782343ffaf38fff004115e865df148f1739f821ea7419af0ffda54fcfe1a1ff004d26fe495edf5e1ffb4a9fdf78647fb737fec95e962bf8323c5cbffdea1fd7434bf67e1fbad73feba45fc9abd7ebc87f67dff51ae7fd748ff91af5ea584fe0447987fbd4ff00ae81494515d679c1451de8a00334b4945002d2514b4009451450014b4945001451450014514500145145001474a28a0028a0d140077a28a2988334519a29007ad14506800fe7451d28a061da8a28a0028a28a006d252d15664145277a5a004ae23e3436df86fab7bf963ff00222d771915c1fc6e703e1cea432325a21ff9116b1adfc397a33a70dfc787aafccf05f0daeef1778707fd3e43ff00a18afadabe4bf0bb2a78cbc3acec1516ee22598e00f9877afa866f136916ff00eb354b34ff007a751fd6bcecb7f86fd4f6b3ad6b45797ea68c87e46fa1af88efdb75f5c1f5918feb5f5edd78f3c3b144fbb5bb1ced3c09d4ff00235f1f5c3079e461d0b139fc69660d5a2bd4bc9a2d4a6daedfa8eb73f39fa57a47c31205bdf678f9d790327a63fad79b5b7df3f4af4bf86209b4bcc027f783bf19db5e2c3e33e9e7f01dc4af12b8054364ee520e3919e79fc6bd63c02a7fe11b84918cb371d7bd7944bb954964dadc600057d3e9c7239af45f076bb1d9e876f0f96ccfb9bab0e99aefa4d296a79b5e2e51b23d723fb8bf414ea6c7ca29f614eaf38f556c1451476a0028a28a0028a28e94005140a0d00028a28a0039a28a2800e9450681401e77fb4236df83fe23ff00ae483ff222d7c215f75fed14d8f839e20f75887fe454af856802c597fc7c47f5ad7d50fef13e959163ff001f117d6b5b53ff0058bf4a97b8d6c52ab5a52eed52cc7acc9ffa10aab577431bb5ad3d7d6e231ff8f0a928fd1b8fee2fd057e7f7c7162df16fc504ff00cfe30e47b0afd025fb83e95f9f7f1b8eef8b3e283ff4fadfc85590798f8f3fe41f6dff005d3fa1ae22bb6f1e1ff41b5ffae9fd2b88aeca5f09cd53e21475a5e9480f34b5b19857a3783ffe40f17d3fa9af38af47f07ffc81e2fa7f535cf5be136a5b9fa6ba1ffc8174ff00faf78fff0041157aa8e87c68ba7ffd7bc7ff00a08abd5c86e147d68a2800a4c714b499a005a4fd6968a00afa87fc794ffee9af06f892e8baee1c0c340b903a91939edfe715eebab4cb6fa6dcc8e76a2a124fa0af06f8877a25d637c2164511aaef6e3e639e3a7a66bb697f0dfa9c3553f6a9f91cdcc8600cc59f0a0e0a8f6fc7d6be77b6e6f1f3d727f9d7d012dc4de4b48e144681d483900f7cfb8e2be7fb5e6f1ce31d78fc6b1a9d0de9752f57d71e0218f056863fe9ce2ffd0457c8c2be9af06f8ffc3965e14d22de7d62d229a2b58d1e379002ac14641aefcbda5295cf1b384dc2165d4ef6bc37f6943fe93e181fed4dff00b257a78f88be18ff00a0e58ffdfd15e3df1f7c47a5ebf79e1d1a75f417be51977f92e1b6e766338fa57a38b92f612d4f1f2f84beb506d7f563a9fd9f7fe3d75bff00aeb1ff00e826bd6ebc67e056af63a75b6b09777905b3bcc85565902961b4f4cd7adc5abd8cff00eaef2093fdd914ff005aac27f0224661a62a77ee5ba298b2c6e32aeac3d8d3f20d759e7051452520168a28a003b519a28a0028a28a005a4a28a0028a28a0028a283400514514c028a3bd140077a28a2800a3340a3140828a31476a004a5a28a0028e947ad140c28a28a40145140a607cd72fc72f14c9f767b68ffdc807f5cd5397e3178b65cffc4d36ff00bb0a0fe95c566826bc475aa3fb47d7ac2d05f611d54bf147c5536776b5703fdddabfc855297c77e2298fcdad5f1fa4ec3f95616693353ed26fed32d50a4b682fb91a72f897579bfd66a97aff00ef5c39feb542f2f6e2e62c4b3cb28c8e1dc9efef51d3263f28fa8aca72938bbb37a74e0a49a44da97dfb7fc29b9a76a5feb61a8eb0a1f0b3a6bfc48563f29acdad06e14f3dab3e8abd028f525b7fbe7e95ea1f0b55069d7ae49c899471d07cbd4d797dbfde3f4af55f85d85d22ed82176331c8ed8da3d78ac21f19bcfe03b4c6d55d98da08dacdc9e3b7b73f4ae9b42c9b08f9e5ce08cf539c5729b44689b46d2e3249ce57d791c138fe55d6682cc6dadc301f336e0cb9c91babad1c8cf754e117e829d48bd052d711dc1da8a28a0028a28a0028a38a2800a28a2800a28a2800eb45147383400514678a2803ccff006903b7e0e6bdefe48ffc8a95f0c57dc7fb4b1c7c1bd6fdda01ff009192be1ca00b561ff1f11fd6b5353ff5abf4acad3ffe3ea3fad6aea5ccabf4a97b8d6c53f4ad0f0e0dde21d2c7add443ff001f159d9ad4f0aaeef13e903d6f211ff8f8a928fd165fba2bf3dbe32306f8a9e29c7fcffcbfcebf42472057e7a7c6160df14fc51839ff004f97f9d59079b78f7fe3ced07fb67f957155d9f8f8ff00a2da7fbe7f957175db4be139aa7c428a290529ad4cc2bd1fc1ff00f2078be9fd4d79c57a3f83ff00e40f0fd3fa9ae7adf09b52f88fd35d0ffe40b61ff5ef1ffe822af551d0bfe409a7ff00d7bc7ffa08abd5c86e252f7a28a002928ef4b40094b484d2d00667893fe4037dff005c8d7cf7e269becfa86dcf988ca3e6e300e31d6be83f14027c3f7fce3311e6be7bf10b98f568d15cabf9614e38c8ff003e95d34b6673d4dcca74fb35b48083829970c0f3c7273839ebfad7cf56bff1f6f8e9cd7d0b7af279292cae648ca939cfcc171d7d7fc2be79b339b963ec6a6a741d2ea5fa4279a5ea29a68a5b8eaec85e6a073fe9b6bf53fd2a6a818e6fad7ea7fa56d53e16634fe245fbcff5c6a1ce3a1c54d79feb8d57a54fe143a9f13268eea688fc934887fd9622adc5e21d520ff57a95dc7feecec3fad6752f35b29496cce7708bdd1bb178e7c4306366b77e31eb70c7fad5e87e28f8aa1fbbad5c9ff7b0dfcc57294552a935b4990e8527bc17dc8ede2f8cbe2d8bfe629bff00df850ff4abb17c76f1547f7a6b697fdf807f4c579dd2e6ad56a8bed19bc2d07f611ea117ed07e214fbf6b6127fdb361ffb355d87f68bd4d7fd66936aff00eebb2ff8d791668aa588aaba99bc161def1fccf6a8bf68e938f334353feedcff00f635721fda32c8e3cdd1e75ff72553fd05784d2d52c4d5ee43cbf0efa7e27d0517ed0da13e3ccb0bf4fa2a1ffd9aaec3f1efc3127defb645fef439fe44d7ce1466a962ea7919bcb68bee7d3917c6bf094b8cdfc91e7fbd03ff00855c87e2c784e6fbbac42bfefab2ff00315f2c668aa58b9f5488795d2e927f81f5a45f10bc353636eb965f8cc07f3ab90f8ab459ff00d5ead64ffeedc29feb5f1fd2d52c63fe533795c7a4ff0003ecb8f51b49bfd5dd42ff00eec80d4e2456e8c0fe35f168623a1c54f1df5c43feaee254ff0075c8aa58c5d6266f2b7d27f87fc13ecdcfbd15f1ec5e26d5e0ff0057aa5ea7fbb70e3fad5d8bc79e23831b75bbefc6763fceabeb70ec43caea74923eb5a2be5787e29f8aa1fbbad4e7fde0adfcc55c8be3378b22eba92c807f7e14ff000aafadd3f333796565d57f5f23e9ca2be708be3b78a23c6e7b497fde87fc08ab917ed05afae3ccb3b193fe00c3ff0066aafacd3ee66f2fc476fc4fa0e8af0987f689d417fd66916cff00ee4acbfd0d5d8bf68b3ff2d743fc56e7ff00b1aafac52eff00990f03885f67f15fe67b4d15e4517ed11a79c79ba45ca7fb9229ff000abb17ed05a0b7dfb3be8ffe0087ff0066abf6d4ff0098cde12bafb0cf50a2bcf22f8ebe1793ef3dd45fef407fa135762f8cde1394ff00c84593fde81c7f4aaf690fe65f790e8565f61fdcceda8ae522f8a5e159beeeb300ff007c15fe62aec5e3cf0e4e7e5d6ec4e7d6751fccd57327d4cdd39add337b9a4e959d0f893499ff00d5ea766ffeecea7fad5b8ef6de5fb93c4ff4706a8cf63e30cd19a6e4d06be78fba168a4cd26680b0ea649d07d452e69ae73b47fb42a27f0b2e1f1227d4ff00d74351e6a4d4bfe3e22fa5459aca8fc26d5fe2063f21fa550abce7e43f4aa34aaf40a5b325b6fbc7e95ea7f0bc634bb863b8833e36f407e507ad7965bfde35ea9f0cc98f482c240aad70cac02e4e30bdeb187c66f3f80ebbccff005664705158a95ee7fc3bd767e1a0e96700c872cc39208e4b1c8fceb8a489242cbb59a407a632471d719cd76fe170c6dacc32ed1b9705fa1e6bad1c8cf6f1d0528a4ed4b5c477063345145001451450014514500145145001d28e9451d2800a28a28003451da8a00f2cfda68e3e0e6b3ff5d20ffd1a95f0fd7dbbfb4f363e0f6a9ef2c03ff22ad7c45401674eff008fa8eb5351ff005c3e9599a77fc7d475a7a97fae5fa54bdc6b629d6bf8386ef16e883d6fa0ff00d18b5915b7e0819f19e803d6fe0ffd18b5251fa203a57e777c5820fc4ef13e33ff002119baff00be6bf443b57e767c516dff0012bc4e47fd04a7ff00d186ac83cebc7dff001ef67fef37f215c65765e3f3fbab3fab7f4ae36bb697c27354f88514a6907141ad4cc3bd7a3f83ff00e4110fd3fa9af381d6bd1fc21ff20787e9fd4d73d6f84da96e7e9b687ff204d3ff00ebde3ffd0455eaa3a17fc8134fff00af78ff00f41157bad721b852518a2800a3a514500068c5145006578a89ff008476ff0019cf94718eb5f3df88491ab14c1c3a0c93dff1afa13c518ff847ef790331e326be7bd715a4bf95be6042aa1c721f91f975c574d3d99cf537284accb00e46e008da07d71906be75b3ff008f96fa1fe75f41cf95d36e081b44a71966e7d703f2fe55f3dd97faf6fa1a9abd0aa5d4d0e94c27934e14c3d4d14b76157642e6a13ff1ff006df5352d43d6fedbea6b6a9f0b32a7f122f5effae3f5a833535eff00ae3f5a82953f850aa7c4c5a5a69a335a198ea33499a280168cd251400ea334def4b400b9a5a6d06801d9a2933403400b4b4dcd2e6801734b9a6f6a33400a0d2e69b9a5cd002e6969b9a33400ea29b9a5a007519a68a5a005ef4b4da322801d9a2933466801dde8a6e68cd031d40a4a2801d9a50e57a311f434ca5a00af9a334da3355720703499a4a28b885cd35b964ff785141fbca7b039a89eb1763483b495c9f523fe931fd2a1ed4fbc904f32baf41eb51d4524e31d4baad4a5a03fdc6fa552ab6df3023b915018187a52a89bd874e496e3adfef357ac7c36709e1d930c0399db8fc0753dba0af28855949c8c57a3780bc4ba6695a4b4175722094c8cd8652476c1fd2b2845f36c6d392e5dcef628d5a36dca1148ce50f3c60e73f8d767e19e62d3cee61965c8ce73cff8570906ad63a8a9786ee19437f758139fcf8e2b734ed626d3ae6dd87cd0c2cb26c43f3601ce3a7a57524ce57247d1d4b5c359fc60d16e07efa3b9b538c90c81b1f9135b569e3cd06f00d9a94299e825ca7f3c571b849743b54e2f666fd150417f6d740186e22941e9b1c1a9ea4a0a2834500145140a0028a28a0028a28a003a514628a00283451401e4dfb51363e0fea1ef3c03ff00220af89457dadfb53b63e11de0f5ba807fe3d5f145202de9bff1f71d696a5febc56769bff1f71d686a27f7ff008527b8d6c54adef012e7c71e1e1eba8dbffe8c5ac1ae87e1e8cf8f7c383fea236fff00a316a4a3f42ebf39fe25387f88de25233ff212b8ebff005d1abf45ebf397e2290df10bc48474fed2b8ff00d18d5641e7fe3ffb965f56fe95c75761e3ff00bb65ff0003fe95c7576d2f851cb3f8870a28a4cd6a40a2bd23c1ff00f20787e9fd4d79b0e2bd27c1ff00f20787e9fd4d73d6f84da96e7e9ae87ff204d3ff00ebde3ffd0455eaa3a17fc8174fff00af78ff00f41157beb5c86e141149de8a0028a8ae2ee0b542f34d1c4a392cec14563dd78e742b3608fa9c25cf4543b89fca9a4dec26d2dcdda2b89b8f8b5a346c444b3cb819c94da3f5ac4bcf8ccc159a2b482041fc73cdfd38fe756a9c9f421d48aea775e2fc1f0ddfe718f2f9cfd457cf1aeeff00ed299518ba20042020e477cfeb5ade27f8e76d7b693dadc6af6821906d78e05ddc67db26bceaff00e29e84acc23b7b8b9c1e0a2ec0defc9cf4ae8841c56a73ce6a4f43a0ba90a5bdcfeeb6854c9d98f4e9d3d8d7cf363ccedf435e8daa7c536b90d1dad808e2208fdf4a58fb1e31cd79f451085cb039c8c735338395ac5c26a3b96aa363cd26f3eb499f7a70838ee29cd4b61d9a841ff8985bd499a380cad8f98743e95725ccac445f2bb966f7fd71fad419a19d9ce4924d26688ae556093e6771d9e3da93349455103a8a6d1400ecd2d368a007668a68a5a005a2933466801d4034dcd19a00703453734b9a005cd2d3734b400b9a2928e9400ea334d14500381a5cd373466801d9a334dcd2e6801734b4dcd19a007668a4c9a3340c7668cd3452d170173c519a4cd19a00703452668cd202be6933499a335640b9a33499a3348033466933451a00ecd252519a005cd19a4a33400b9a4cd149400b9ab76babded936e82ee688f4f92422a9d19a00e86dbc7bad5b74bcde3b874539fa9c66b56dbe29dfc491acb676d26de0b282a4ff004fd2b89e28c53d4343d2adbe2b5b100cb69710ba8f95a370dce7a9ce2ba6d37e342c1b3c8d6eeed98f05652c557bfb835e1d8a3147a86db1f5168ff1befa4215759b4b938e9205f5fc0fad74d61f1a6f0b05b8b3b79f8c931b321fd735f1b54f05edcdb30686796223a14722a3962fa16a725d4fb72dfe34698f1969ad2e23c36d3b086fc7922b72d7e24e8173806ecc2c7f8258c823f4af86e1f1a6b506cff4d7902f41200dfceb5acfe28ea76f26f9a0b79d88c13b4a93f88352e940b55667dc96be23d2ef80f2350b6933d848335a0acae32a430f506be21b5f8b3094d971632a803e531480907d7a0adfd23e2e58c318db7f79632f5da37019fc2a7d8ae8ca559f547d81d6806be6fd27e305d11b60f1324bcf0252ac48c7a1e6bacb3f8bdac075fddda5d44588c952ad81eb83c7e46a1d2916ab47a9ec9d28af32b2f8d292286b8d3182f77864c81efc81fceb66cfe2c689703320b9b6c753247903df826a1d392e85aa907d4ed28e958767e37d0af9418b54b7e7fbedb7f9d6b417905c80d0cd1ca3d5181a969a2d34f63c93f6ac6c7c26987ade423f535f1657d9dfb58b63e1563d6fa11ffa157c634865cd33fe3ee3abfa89fdfd51d33fe3ee3fa55dd4799ff0a97b8d6c56ae8fe1c0ddf107c343fea256ff00fa316b9c1d6ba6f864377c45f0c8ff00a88dbffe8c15251fa0bdabf38bc7c49f1e78849ea751b8ff00d18d5fa39248b1a92cc147a938afce0f1bc825f1c6bcea410da84e410739fde1ab20e0fc7fff002e43fdefe95c7d75df100fcd65f46fe95c8f7aeda7f0a3967f10b4515343657173feaa0924ff007549ad482115e91e0fff00903c3f4fea6b8e83c2ba9cf8ff0047f2c7abb015dc683672699a7c704b82ea39dbd2b0aa9b5a1a53924f53effd3be28e8b6da2596c334e5608c1d89df68f5aa171f1903c9b6d6c140eef34d8c7e18feb5f20b7c43d785bc70457bf6789142811201d063ad62dcead7b7bc4f773cc3ae1e4247e542a7125d491f57eaff1d2e2de6225d46c2c902e4aae0b0fcc9cfe55c46b7f1e23964915b5dbab851c0fb32b283fc876fd6be7dcd19ab514b6466dc9eecf57bff8d71b60c36335d3f77b9902e7f2cd60df7c5cd62e4b79315bdb2e36ae14b328fa93fd2b86a33cd50ac6e5e78d75bbf72d2ea330cf188c841d31db1dab266b996e0e6591e56f57626a1e945003a8069b45201f9a334d145031d9c519a652e6801d4669b4645003b3453734b9a005cd2e714dcd1ba801d9a334dcd19a00752e6980d2e6801dda8cd37346680b0ecd14da2801f4669b47e3400ecd19a6d2d003b34669b466801d9a334ddd4b9a007514dcd19a00752d3334b93400ecd19a6d2d003b34669b45003b34669b9a5cd003b3464d373d68dd400ea29b9a5cd003a8a6e68145c083349499a334c8168a4cd19a005a39a6e73466980bcd19a4cd19a402e68cd2668dd400668cd266826818b9a334947d680173499a4a280d05cd1ba9b45031d9a334deb45003b346ea6e6939c50161f9a4cd36949e28016a682f27b66cc3349111dd1cad57cd19a00dcb6f19eb56802a6a12b28fe190ef1fad6bdafc54d6617ccde55d2952a43ae33f9571947ad171591e936bf17f68026d3bd72525cf07d323fad6fe9ff1574318f9ee6d9f76433a91819e99524d78be68a770b1ea1f14bc731f88bc2f0dac3ac4978a27576b76918e386e707d3fcf5af25ab240239e69a6253dab09c1c9dd1bc26a2acc9b4be6e93e957751ff005e6aa69cb8bd41ed5675138989ae669f358e94d72dc82b4bc357aba6f8874dbb798c0b05c472194120ae181cf1591e61a4dd9ef5a468bbdd99bacba1ef3aa7c6ad25a37492eeeb51739e554907a75dd8f7e9e95e0fa837dab52b8b841b524959c03d8139a6e68cd744a2a5b9cd1938ec66eb7a0c7adc90192568d620785039cd57b7f07e9b0e0b46f29ff6dbfc2b6b34669a565640db6eecad0695676dfeaed62423bed19ab40003818fa52668cd3247668cd373466818ecd19a6d19a007668cf34dcd19a007668a6e6806801d9a5cd3334b9a005cd2e79a6e68cd031d45373466801d9a334ccd2e6801dda8cd368c9a00752fe34da2801d914714da2801d9a5cd33f1a5a007668cd368a0076ea01a6e68cd201d9a5069b9a33400ecd19a6e69775031734b9a666973400ea29b9a334087e68cd3451de8b00ecd19cd3696801d9a334da5cd002e69734dcd19a02c3a8cd3734b9a007514ccd2e6801dc52d373466801d9c52e699475a2e03f34669b9a28b8ac4149499a335440b49cd19a4cd03168a4cd19a00334668cd19a0033466909a3340c5cd19a6f145003b3499a4a2801734669b45003b34669b466801d9a334dcd1d28017346714dcd2d002e68cd373466801d45373466801d4669b9a33400e345373466801734669334668025825304c2403247634eb8b96b872c405fa54145472c6f72f99dac3b345373466a881d9a334dcd1400ecd266933466818b4b9a6d25003f34669b45003b34669b45003b34669b45003b34669b45031d9a29b45003b34669b45003b34669b47ad003b34b9a652d201d9c519a6e6806818ecd19a6e68cd003b34669b9a33400ecd19a6e6973400ea29b9cd19a007669734ccd1400fa339a6d1400ecd2e6999a2900f068cd368a7a80ecd2e699da973400b9a5cd373466900ecd2e6999a5cd301d9a334dcd19a403e814d07f1a33400ea5cd32973400e068cd37345003f3cd19a6e6973400b9a33499a33400ece28a6e79a33401052668cd26735640a28cd216a33400b49499a33400b9a3b5266933400ea4cd2668cd002e68cd25266900ecd04e69b9a2980ea334dcd148076692928cd30168a4cd266801d46714dcd19a403a8a6e68cd003b34669b466801d4669b9a33400ecd266933499a007668a4cd19a005cd19a4ce28cd002e68cd266933400ecd19a6e68cd031d9a334dcd19a007668cf14dcd19a007668cd373466801d934669b9a33400ecd19a6e68cd031d9a334dcd19a007668cd373466801d9a5a6668cd20d47519a6e697345c07519a6d19a2e31d9a29b934668b88752e69b93499a5718fa334dfc68a007668cd37bd1400fcd19a6d1400ecd19a683466801d9a33c5341a5cd002e69734dcd19a007668a6e68cd003b34b4dcd19a007514da5a007519c5368a0076697753296801d9a37536973400bba941a6e68dd400ecd1499a33400ea29b9a33400fa29b9a326801f4034dfa514015c9a33499a4cd5903a933499a33400b9a33499a4a007514dcd19a402d19a4cd19a005cd19a6e68cd003b3499a4cd19a005cd2e69b9a33400b9a09a6e68cd003b34669b9cd19a007668cd373466801734669b9a5cd002e68cd373466801f9a4cd373466801d9a334dcf3466801d9a334dce683400ecd19a6e68cd003b34669b9a2801d9a4ce293b5140c5cd19a6d1400ea29b9a3ad003b34669b9a2801d9a3349494807669734dcf1499f7a063f3499a4cd19a007668cd368a007668cd3734679a5701d9a334dcd145c07669734ccd19a063f3499a4a33400ecd19a6e68dd400ecf34678a6e68cd003b3c519a4cd266801f45373466801d9a334dcd19a007d19a6e68a007519a6d1400fcd14da2801d9a334da5a007668cd3734b9a005cd19a6e6973400ecd19a6e68cd003e8cd341a33400ea29b4b9e2801d9a334da2801f9a334da33400ecd19a6d2e45002e69734dcd00d0057cd19a4a335440b9a4cd1de8cd0019a334946680173466933d6933400ecd2668cd26680173466933413400b9a4cd14678a003268a4cd19a005a293346680168a6e73466801d45373cd19a007514dcd19a007514dcd19a005cd19a6e68cd003b34669b9a2801d9a334da33400ecd19a6e68ce6818ecd19a6e68cd002e69734dcd19a403b34669b9a33c51a80b9a33499a3346a028346693346690c5cd19a4cd19a005cd2e6999a5cd003a93349ba8cd031d9a334dcd1ba801d9a334dcd19a007e6929b9a375003b34b9a666973400ea334da33400ecd19a6d1400fc8cd2669b45003f34669b9a2801dba9734da4cd003f3466999a5cd003b34669b9a33400ecd2e6999e69775003b34669b9a33400ec9a5cd373466801d4669b9a33400fa334da2801f9a334da2801c0d2e6994b400ecd19a6d02801c0d2e69b9a33400ecd1499a33400ea334dcd2e73400b466933466803fffd9, 'u0001', 1),
(2, 'おみせ', 'どこか', '00:00:00', '00:00:00', '000-0001-1000', 73, 3, '', '', 'u0003', 0),
(3, '店舗', '住所', '10:30:00', '16:30:00', '000-0000-2000', 128, 15, '', '', 'u0004', 1),
(5, 'ハンバーガー', '福岡県', '00:00:00', '00:00:00', '000-2000-2000', 128, 15, '', '', 'u0001', 0),
(10, '麺屋', '福岡県', '00:00:00', '00:00:00', '000-1000-1200', 18, 15, '', NULL, 'u0002', 1),
(11, 'ファストフード', '福岡市東区', '10:30:00', '22:00:00', '000-1000-1201', 128, 15, '', NULL, 'u0004', 0);

INSERT INTO `t_review` (`review_id`, `eval_point`, `review_comment`, `rst_id`, `user_id`, `photo1`, `photo2`, `photo3`, `rev_state`) VALUES
(1, 1, 'ラーメンがなかった', 1, 'u0002', NULL, NULL, NULL, 1);

INSERT INTO `t_rst_genre` (`rst_id`, `genre_id`) VALUES
(3, 5),
(3, 7),
(5, 6),
(2, 2),
(2, 7),
(2, 9),
(11, 6),
(10, 1),
(10, 2),
(10, 3),
(1, 1),
(1, 4),
(1, 8);

INSERT INTO t_user
(user_id, user_l_name, user_f_name, user_l_kana, user_f_kana, user_account, password, usertype_id)
VALUES
('u0001','佐藤','太郎','サトウ','タロウ','佐藤太郎','1234','1'),
('u0002','鈴木','花子','スズキ','ハナコ','鈴木花子','1234','1'),
('u0003','高橋','一郎','タカハシ','イチロウ','高橋一郎','1234','1'),
('u0004','田中','美咲','タナカ','ミサキ','田中美咲','1234','1'),
('u0005','渡辺','健','ワタナベ','ケン','渡辺健','1234','1'),
('u0006','伊藤','優','イトウ','ユウ','伊藤優','1234','1'),
('u0007','山本','彩','ヤマモト','アヤ','山本彩','1234','1'),
('u0008','中村','翔','ナカムラ','ショウ','中村翔','1234','1'),
('u0009','小林','奈々','コバヤシ','ナナ','小林奈々','1234','1'),
('u0010','加藤','直樹','カトウ','ナオキ','加藤直樹','1234','1')
;
