-- phpMyAdmin SQL Dump
-- version 5.2.2
-- https://www.phpmyadmin.net/
--
-- ホスト: mysql:3306
-- 生成日時: 2025 年 12 月 21 日 23:32
-- サーバのバージョン： 9.3.0
-- PHP のバージョン: 8.2.27

SET SQL_MODE = "NO_AUTO_VALUE_ON_ZERO";
START TRANSACTION;
SET time_zone = "+00:00";


/*!40101 SET @OLD_CHARACTER_SET_CLIENT=@@CHARACTER_SET_CLIENT */;
/*!40101 SET @OLD_CHARACTER_SET_RESULTS=@@CHARACTER_SET_RESULTS */;
/*!40101 SET @OLD_COLLATION_CONNECTION=@@COLLATION_CONNECTION */;
/*!40101 SET NAMES utf8mb4 */;

--
-- データベース: `pbl2025web2db`
--

-- --------------------------------------------------------

--
-- テーブルの構造 `t_favorite`
--

CREATE TABLE `t_favorite` (
  `user_id` char(16) COLLATE utf8mb4_unicode_ci NOT NULL COMMENT '登録ユーザID',
  `rst_id` bigint NOT NULL COMMENT '登録店舗ID'
) ENGINE=InnoDB DEFAULT CHARSET=utf8mb4 COLLATE=utf8mb4_unicode_ci COMMENT='お気に入り店舗';

--
-- テーブルのデータのダンプ `t_favorite`
--

INSERT INTO `t_favorite` (`user_id`, `rst_id`) VALUES
('test', 1);

-- --------------------------------------------------------

--
-- テーブルの構造 `t_genre`
--

CREATE TABLE `t_genre` (
  `genre_id` int NOT NULL COMMENT 'ジャンル種別ID',
  `genre` char(16) COLLATE utf8mb4_unicode_ci NOT NULL COMMENT 'ジャンル名'
) ENGINE=InnoDB DEFAULT CHARSET=utf8mb4 COLLATE=utf8mb4_unicode_ci COMMENT='ジャンル種別';

--
-- テーブルのデータのダンプ `t_genre`
--

INSERT INTO `t_genre` (`genre_id`, `genre`) VALUES
(1, 'うどん'),
(2, 'ラーメン'),
(3, 'その他麺類'),
(4, '定食'),
(5, 'カレー'),
(6, 'ファストフード'),
(7, 'カフェ'),
(8, '和食'),
(9, '洋食'),
(10, '焼肉'),
(11, '中華'),
(12, 'その他');

-- --------------------------------------------------------

--
-- テーブルの構造 `t_report`
--

CREATE TABLE `t_report` (
  `report_id` bigint UNSIGNED NOT NULL COMMENT '通報ID',
  `review_id` bigint NOT NULL COMMENT '口コミID',
  `report_time` timestamp NOT NULL DEFAULT CURRENT_TIMESTAMP COMMENT '通報時間',
  `user_id` char(16) COLLATE utf8mb4_unicode_ci NOT NULL COMMENT 'ユーザID',
  `report_reason` int NOT NULL COMMENT '通報理由',
  `report_state` int NOT NULL COMMENT '処理状態'
) ENGINE=InnoDB DEFAULT CHARSET=utf8mb4 COLLATE=utf8mb4_unicode_ci COMMENT='通報口コミ';

-- --------------------------------------------------------

--
-- テーブルの構造 `t_review`
--

CREATE TABLE `t_review` (
  `review_id` bigint UNSIGNED NOT NULL COMMENT '口コミID',
  `eval_point` int NOT NULL COMMENT '評価点',
  `review_comment` varchar(250) COLLATE utf8mb4_unicode_ci DEFAULT NULL COMMENT 'コメント',
  `rst_id` bigint NOT NULL COMMENT '書き込まれた店舗',
  `user_id` char(16) COLLATE utf8mb4_unicode_ci NOT NULL COMMENT '登録ユーザID',
  `photo1` mediumblob COMMENT '写真１',
  `photo2` mediumblob COMMENT '写真２',
  `photo3` mediumblob COMMENT '写真３',
  `rev_state` tinyint(1) NOT NULL COMMENT '表示状態'
) ENGINE=InnoDB DEFAULT CHARSET=utf8mb4 COLLATE=utf8mb4_unicode_ci COMMENT='口コミ';

--
-- テーブルのデータのダンプ `t_review`
--

INSERT INTO `t_review` (`review_id`, `eval_point`, `review_comment`, `rst_id`, `user_id`, `photo1`, `photo2`, `photo3`, `rev_state`) VALUES
(7, 5, '接客が良かった', 1, 'u0002', NULL, NULL, NULL, 1),
(8, 4, '雰囲気が良かった', 1, 'u0003', NULL, NULL, NULL, 1),
(9, 5, '料理がとてもおいしかった', 1, 'u0001', NULL, NULL, NULL, 1),
(10, 4, '店員の接客態度がとてもよかった。でも、店の掃除が行き届いていないように感じた', 1, 'u0004', NULL, NULL, NULL, 1),
(11, 1, 'ラーメンがなかった', 1, 'u0005', NULL, NULL, NULL, 0),
(12, 3, '店がほこりっぽい', 1, 'u0006', NULL, NULL, NULL, 1),
(13, 5, '鮭定食がおいしかった', 1, 'u0007', NULL, NULL, NULL, 1),
(14, 3, '料理はおいしいけど、店の雰囲気がイマイチ', 1, 'u0008', NULL, NULL, NULL, 1),
(15, 5, 'おすすめ：きつねうどん', 1, 'u0009', NULL, NULL, NULL, 1),
(16, 4, '定食が安くておいしい', 1, 'u0010', NULL, NULL, NULL, 1),
(17, 5, '料理がおいしかった', 2, 'u0001', NULL, NULL, NULL, 1);

-- --------------------------------------------------------

--
-- テーブルの構造 `t_rstinfo`
--

CREATE TABLE `t_rstinfo` (
  `rst_id` bigint UNSIGNED NOT NULL COMMENT '店舗ID',
  `rst_name` varchar(64) COLLATE utf8mb4_unicode_ci NOT NULL COMMENT '店舗名',
  `rst_address` varchar(256) COLLATE utf8mb4_unicode_ci NOT NULL COMMENT '住所',
  `start_time` time NOT NULL COMMENT '営業開始時間',
  `end_time` time NOT NULL COMMENT '営業終了時間',
  `tel_num` varchar(32) COLLATE utf8mb4_unicode_ci NOT NULL COMMENT '電話番号',
  `rst_holiday` int NOT NULL COMMENT '店休日',
  `rst_pay` int DEFAULT NULL COMMENT '支払い方法',
  `rst_info` varchar(2048) CHARACTER SET utf8mb4 COLLATE utf8mb4_unicode_ci DEFAULT NULL COMMENT '店舗URL',
  `photo1` mediumblob COMMENT '写真',
  `user_id` char(16) COLLATE utf8mb4_unicode_ci NOT NULL COMMENT '登録ユーザID',
  `discount` tinyint(1) NOT NULL COMMENT '割引登録'
) ENGINE=InnoDB DEFAULT CHARSET=utf8mb4 COLLATE=utf8mb4_unicode_ci COMMENT='店舗情報';

--
-- テーブルのデータのダンプ `t_rstinfo`
--

INSERT INTO `t_rstinfo` (`rst_id`, `rst_name`, `rst_address`, `start_time`, `end_time`, `tel_num`, `rst_holiday`, `rst_pay`, `rst_info`, `photo1`, `user_id`, `discount`) VALUES
(1, '九産食堂', '福岡県福岡市東区', '00:00:00', '00:00:00', '000-000-0000', 65, 15, 'https://kyusan-syokudou.co.jp', 0xffd8ffe000104a46494600010101004800480000ffe100224578696600004d4d002a00000008000101120003000000010001000000000000ffdb00430006040506050406060506070706080a100a0a09090a140e0f0c1017141818171416161a1d251f1a1b231c1616202c20232627292a29191f2d302d283025282928ffdb0043010707070a080a130a0a13281a161a2828282828282828282828282828282828282828282828282828282828282828282828282828282828282828282828282828ffc00011080438078003012200021101031101ffc4001f0000010501010101010100000000000000000102030405060708090a0bffc400b5100002010303020403050504040000017d01020300041105122131410613516107227114328191a1082342b1c11552d1f02433627282090a161718191a25262728292a3435363738393a434445464748494a535455565758595a636465666768696a737475767778797a838485868788898a92939495969798999aa2a3a4a5a6a7a8a9aab2b3b4b5b6b7b8b9bac2c3c4c5c6c7c8c9cad2d3d4d5d6d7d8d9dae1e2e3e4e5e6e7e8e9eaf1f2f3f4f5f6f7f8f9faffc4001f0100030101010101010101010000000000000102030405060708090a0bffc400b51100020102040403040705040400010277000102031104052131061241510761711322328108144291a1b1c109233352f0156272d10a162434e125f11718191a262728292a35363738393a434445464748494a535455565758595a636465666768696a737475767778797a82838485868788898a92939495969798999aa2a3a4a5a6a7a8a9aab2b3b4b5b6b7b8b9bac2c3c4c5c6c7c8c9cad2d3d4d5d6d7d8d9dae2e3e4e5e6e7e8e9eaf2f3f4f5f6f7f8f9faffda000c03010002110311003f00ef8d252d25751cc14525140870a514d14e14863d69c29a29c293290f5a753453854b290b8a314e029714ae558662976d3b14a052b8ec376d1b69f8a3145c2c376d1b69f4e14ae3b1095a4db531148453b8b948b6d2eda9314a168b872916da694ab1b682b4ae3e52a32d46c0d5c64a8d92a9488712990734d3565929856aee43890d1526da3653b8ac474a29c5680b4058052814014e02800c518a70145201845348a93148453022345388a6d02128a5a434c04cd14868a005a5cd368cd003a8a6d19a005a2928a0028a4345020a4a28a0028a28a002968a2800a28a3340052d251400b450296800a4a5a281094514503168cd2514085a4a2928016928a4a005cd266928a0028a4a28016928a2800a28a4a005a2928a062d251450021a4a5a43400869296929805252d250014868a2800a4a28a041494525002d252514c05cd266928a005cd19a6e68a2c03b3499a6d145843b3499a4cd266801d9a4cd2668a005a3349499a603a941a6d1400f06945301a7034863e945301a7034863c519a6e6973400ea5a6d2e690c7519a6e68cd002e68cd373466801734669b9a3345843b34669b9a4cd301d9a33499a33400b9a2928a005a29296800a28a2800a5a28a002969296900a29452528a0628a5a414a2900e14f14d14f140c70a70a68a70a450fa29a0d2d200a31452d002521a771486801a69a69c69a698094b4528a0400528140a5a005c52d252d200a28a281894514500145251400b499a28a00292968a602514b4502128a5a2800a28a2800a28a290c514b494503169734da2900ecd19a6d14c07668cd37346680b8fcd19a6d19a403a8a4cd266801d49499a42680173484d213484d310a4d2525253016928cd250217349499a4cd310ecd19a6e68a007668cd368cd003b34669b466810ecd25251400b452514005252d2500149451400514525002d14946680168a4cd26680168a4a33400b4526692980ea29b9a33400ea4a4cd19a005a4a4cd19a005a4a4cd1408290d1494001a4a5a6d302e514514862514b46280145380a6814f14868514e14829c2a463853d69829cb4996890528a68a70a92c5a5a4a334863a929334668016969b9a5a402d1494b400a29c052034e06818a0504528a5e2a46308a630a9714d229a62b1032d44cb5648a8d96ad325a200b4bb78a976d18a7726c40569b8ab0569bb69dc9688b14a053f6d2e29dc561a0518a78146da04444534d4c50d46ca6802334d34f229a4550861a4a71a6d021b4529a4a602514b4940828a29280173494868cd002e68a4cd25002e68cd368cd003a8a6e696801d9a334dcd19a00766929b9a5cd003a8a6e696810e06969a2973400ea29334b4005252d25002d14945001494b494005252d25301a68a0d25002d149450014514500145149400b49451400519a4a4a005269283499a002928cd2668016928cd266980b49499a4cd002e68cd2525002d25145020a4a5a29809494b450025253a9280129296928105252d250014514500145251400b45251400ea5a6d140c7834e06a3a5a40480d28351e6941a06499a334ccd2e6900ecd19a6e68cd0171d9a293345002d2514940c5a334869334087668cd3334b9a603b34b4dcd19a403b34b4dcd2e6818ea5a4a5a00297145148029714b45030c52d14a2900014e02814e140c502945252e690c75149466801d9a334dcd19a063f34b9a6668cd003f3484d373452016928cd14c02945251408752d369734863a969b9a33400ea29b9a2801d4949450216928a29805145140051451400514514005145140051451400945145218b45251400b4668a4a005a334949400b9a5cd368a007669734d145003a8cd3734668017348692928016928a4a62168a4a2800a4a29298828a292800a28a4a042d14945002d14946680168cd2519a005a29334668016933484d19a60146693345002e6933499a334085cd26693345002e68cd3734668017345373466801d9a334dcd19a005cd19a4cd19a005a334dcd19a005a2933499a602e68a4cd266801d9a4a4cd1400b494525005da5a6e696900b4b499a290c7014e14d069d48628a70a6d381a450e14a29b4b9a43240697351e69334ac55c97346ea8b7526ea2c1cc4bba977541ba97751617313034e06a00d4f0d4586a44b9a5a88353b35362ae3f34a1aa2cd01a8b05c9c1a766a00d4edd4ac3b9366909a8f7519a2c171c69a68cd26698828a4cd2669885a4c52e68140098a4c5498a4229dc968601522ad37bd48b4c4214a614a9b34d268115992a265ab4d50b5311030a61a95aa335421869294d25021292968a62129a694d21a0043499a0d140828cd2514c028a4a33400b45252d002d2514500145145002d2e69b4b400e14a2994b9a007e6945301a70a005a28a2800a28a4a0028a33450014514940086929690d0021a296928105145250014514940c33484d149400a4d2134945300a2928a00290d2d14086d06968a6036929d4868012929692810b45251400b45145030a28a28109452d1400da29d8a31400ca4a7e2931400da4a7e2931400da29d8a4c5301b453b1498a004a5a28a4019a5a4a5a00296928a063b34b9a6d14807668cd25140c766969a29c2800a28a290094869d8a422980da2971498a002941a31462801c0d2834d14b400fa514ca70a4038528a68a70a431d45145218b4e14d14b40c70a5cd373466801f9a334ccd381a00766969b4b4862d1451400519a4a33400ecd19a6e68cd003b3499a4cd19a007668cd373466801d9a5cd3334668024cd19a6668cd21dc7e69734ccd19a00933499a6e68cd003b3453734b400b4b4dcd2d0160a29334b9a005a293345002d14945001451466800a434b4940052d251400b452668a002928269280168a4a334c07668cd368a403b3499a4cd19a005cd252519a62173494519a0028a4cd19a041494669334c053499a4cd19a005a4a4cd14085a4a4cd14c05a33499a33400b9a33499a2810b9a2933499a005cd19a4cd25002e68cd266933400b9a334dcd19a602e68cd252502173466928a00334668a2800cd14945002d1494503168a292810b4945140051451400514945001451494017296928a4316969296818e14ea60a7034863852d369690c7034b9a6519a561dc7eea4cd3734668b05c5cd04d368a62168a4a2810e069c0d328cd0325069c0d440d2e6a6c55c793466999a4268b05c93751bea2cd2669d85727dfef4bbeabe69775160e62c6ea5dd55c353c352b0f9894b5266a3dd406a2c1726069c0d440d381a434c981a46a606a09a455c5ef4e06a3cd2e6992499a42699ba90b531031a89a959aa3634d12c4351b52b35309aa10869a4d04d25310a692909a42681013486834940828a2929805252d250014945253016969b466801d453734b9a005a5a6e69734805a29297340052d252d002d385368a007e68a6e6968016928a2800a28a4a042d2514500145251400525145300a4a5a2801292968a006d14b45003714629d462801b8a4c53f1462801b8a314ec518a006e28db4f02971401115a69153629a4502212293152114d22980da4a711498a0028a28a0028a2968012968a5a004c52e2968a006e28c53a931400dc518a7628c500371498a931498a008f1498a908a42280198a314ec518a006e28c53b1462801b8a314ec518a062514b8a5c500252e2940a5c521898a314ec518a40252d2e28c5003714629f8a4c5003314629f8a3140586628c53f146280b0cc52d3b146280b0da514b8a2818a2941a6d28348078a514c069c290c7514829d40c2928a2800a7034da5a0078a5a60a70a403a969052d0312929f8a42281d86d2529a4a0419a334d269334c43b34669b9a4cd003f3466999a3340126697351e68cd00499a5cd479a5068b00fcd2e6999a5a431d9a5cd3296801d9a334da5cd002e69734dcd140c7668cd373466801f9a29b9a33400ea293345002d25145002d19a6d19a402e6928a4a005a2928a601452514085a2933499a005cd19a4cd213400ecd2669a4d266810fcd19a6669334c0793499a6e6933400ecd19a6e68cd02168cd373466980ecd266933466815c5cd266933466801734669b9a33400ecd19a6e69334c07668cd37345021d9a4cd251400b9a4a4cd19a005a2933499a0075252668cd002e68cd373466801d9a29b9a334c07668a6d19a403a8a4a5a0028a29680128a5c518a004a2971462801b41a7628c500328c53f1462802c668cd305385218ea5a6d19a007d2834ccd2834863c1a5a6034b9a431d9a5cd3334b9a00766929b9a506801d453734b9a062d1499a280168a4a2801d45373466801d9a4269b9a42680b8a5a9a4d213499a64dc5cd286a6668a617250d4e0d50e69734ac1726dd4b9a8734a0d161dc9c353835420d2e6a6c3b9306a5dd506ea42d4587727df46faafbe937d160b9677d217aafbe8df458572566a8d9a985e9a5aa92136389a6934d269a5a99371d9a4cd373499a04389a4a4cd14c028a4cd19a005a2933466800a434b494005252d253109452d2500145145002d14945003b3452528a005a5a4a50290c5cd14b8a3140052d262971400a28a00a5a004a2968a04368a5a2801a6929d494009452d2d003714629d8a5c500331462a4c518a02c458a314f72a809760a3d49c564def88b48b3cf9d7d0ee1fc28771fc853034f14b8ae7ed3c65a25c4a63fb5188e700caa541fc6b7e09a1b88c3c12a4887a323022801714629f8a69a40371462968a600052d14a2900629a453e90d004645215a9290d30222b48454869a4502198a4a71a434c06e2968a2800a5a28a00296928a005a4a28a06145145002d14945200a4a5a29809494b45002628a5a290098a314b4b40c4c514b4b4804c52d145030a5a28a00296928a402d14528a0618a314b45002628c53b1462900dc52629f8a4a00611494f34d34c42514514c0514a0d3696900f14b9a6034b4863b34526696818b4a0520a51400e14e1482945218a296928a062e6909a2928010d21a534d3408434d269c69a698833452514085cd19a4a31400b9a334518a062e6941a402945003852d3452d003a8a4a290c5a5a4a280168a4a280168a4a280169734da33400ea334dcd19a007668cd3734b9a005a293345002e6929334668017345373466801734669b9a4cd021d9a4cd373466980b9a4cd349a33400b9a334dcd26698ae3b34669b9a3340ae2e68cd373466801734669b9a334c07668cd373466810b9a33499a4cd003b34669b9a33400ecd26693349400ecd19a6d14c05cd19a4a2810b9a334945030cd19a5a314009452e29280128a5a280128a5a28012968c51400528a314ec5201314b8a5c518a0029714a05281400dc52e29d8a5c5218dc518a7518a006628c53b146280198a314fc518a0414b494b400b45252d0316969b4b40c5a5a6e69734805cd14945002e68cd25266801d9a5cd333466801f9a5cd3334668024068a666941a063a8269b9a09a400690d19a4a620a4a28a62128a5a280014b494b400a2945251486381a5cd25140c5cd349a2928105251494c028a2928101a69341a4340843494514c04a3345250019a334945300cd19a28a005cd2d2525201d9a4cd2668a602d14945020a28a2800a28a298052d14a2900014629c05380a403714e02942d380a2e3b08052814ec52e290ec3314014fc518a02c201462968a006e28a5a4a042514523b2a8cb3051ea4e29805262b2ef7c45a4d9e7cebf8723aaa1dc7f215837bf1034f8b22d609e73d890141febfa5007654b5e5f7bf103509722d608201ea72e7fcfe158579e22d5af33e75fcd83d90ec1fa530b1ecb757f6968b9bab98621fedb8158779e35d1adb216779d8768909fd4f15e42ccccc4b1258f72734940ec7a15e7c46ea2cac3e8d2bff0041fe35857be36d6ae7216e12053da2403f53935cd5250162cdddf5ddd9cdd5ccd37fbee4d56a28a0634f5352dadd5c5a3efb69e585fd518aff002a84f5a2803aad3bc75abdae04cf1dd20ff9e8b83f98ae9f4ff883613616f6096ddbfbcbf3aff8fe95e5d4502b1eed61abe9f7e01b4bb86527f84373f975abf5f3d824104120fa8ad8d3bc4fabd86043792320fe097e71fad02b1ed94b5e75a77c446185d42cc1f5784e3f43fe35d3e9de2cd1efb012ed6273fc337c87f5e28158dfa0d311d5d43230653dc1cd3a90c29b4b4d34080d34d29a4a6210d34d38d34d30128a28a0028a292800a28cd266801d45368a005a2928a005a293346680168a4a2818b9a4a29280168a4a280169734da2900fcd19a66697340c752d3734b9a402d1499a5cd03168a4a5a005a514da5cd218ea2933452016969b4503173452514005251453109494b45002514514085a5cd3696818ea29296900a0d381a6528a06480d2e6999a5cd003f3466999a5cd218ecd14dcd266801d49499a4cd002d252668cd310b452668a005c514945002d2d251400ea2928a00751494668016969b9a33400ecd19a6e68cd1601d4b4ccd2e680168a4cd19a005a2933499a007519a6e68cd003b3466999a33400fcd26699466801f9a4cd373499a007e69334ccd19a007669334dcd26698ae3f3499a6e69334582e3b34669b9a4cd3b0ae3b3499a4cd266810ecd266933499a007519a6e68cd301734669b4b400b9a334946280173499a3068c50014b4014b8a042514b8a3140c4a29714502128a5a28001452d2d2189452d14009494b4500251451400518a5a514008052e28a5a00314b8a0528a0000a762929690c314b8a4a2801d45251400b45251400514525002d1494b400514945002d1451400b45252d03168a4a5a40145145001494b45301292968c5020cd19a28a005cd19a4a2818b9a33494520168a4a5a0028a28a005a2928a005a5a6d2d002d14945003a8a4a3340c5a4a29680128c52d18a04371498a7e292801b8a6e2a4a4c5311195a4db52e293145c2c458a4db52e28c5170b10eda4c54c5690ad3b8ac458a314f22908a006d21a7d211400ca29714629884a28a2800a0518a70140094a29c16976d1701b8a5029714a05218e514f02916a400522921a052e29e0521148761b4b4d665404b1007a935937be22d26cf3e75f4391fc28db8fe42811b14571779f1074e8b22da09e73d890141fcf9fd2b06f7e216a12e45adbc100f53973fd07e94ec07a8d56babeb4b45cdd5cc310ff6dc0af19bcf11eaf799f3afe6c7a21d83f4c5653b33b16762c4f72734ec23d7ef7c6ba35b642ced3b0ed1293fa9e2b02f7e22f516563f4695ff00a0ff001af3da280b1d2def8d759b9c859d205f48900fd4e4d615d5f5ddd9cdd5ccd2ff00bee4d57a4a630a28a2800a28a2800a2928a0028a290d001451450034f5a4a0f5a28016928a280168a4a2900b4b4945005cb1d4af6c181b3ba961f65638fcba574ba778fb52830b771c572a3be3637e638fd2b8fa298ac7abe9fe3ad2ee702e3cdb67ff006c657f315d15a5f5ade26eb5b88a65ff006181af06a7c52c9138789d91c746538340ac7bed2579069fe2ed5ecf03ed1e7a0fe1986efd7ad74ba7fc4081b0b7f68f19fef44770fc8d02b1dcd2566586bfa5dfe05bde445cff00031dadf91ad4ebd29886d2538d21a004a4a534d3400514945002d19a6e68cd003b3452668a005a2928a005a28a2800a4a5a314009453b1462801b452e28c500252d145030cd19a28a402e6969b4b40c751499a05201d4b4da2818ecd19a4a2801d9a334dcd19a403b34669b9a280168a4cd1400b4525140c5a2928a005a2928a007514da33400ea5cd37346680b8ecd2e6999a33405c7668cd373499a2c171f9a334ccd19a2c171f9a334ccd19a2c171d9a334dcd19a2c171f9a334ccd2e68b0ae3b34b9a6669734582e3f3466999a5cd03b8fcd14d069680168a4a2900b45149400b45251400b9a334945002e68cd251405c76692928a005a2928cd3b00b9a4a2928016909a292810669334514006693346692980b9a4cd21a3340828a4cd266980b9a29296800a2814b8a004a5c52814b8a403314629f8a314c06814a052d2d002014b8a5a290098a314b450018a31451400629314b494005252d2500145149400a29734dcd19a007668a6e696800a28a4a0028a28a60029c29314e0290094b4b8a3140094a29714b8a40028a5a28189452d1400514514005145140051452d0014514500368cd2519a042e6969b9a33400ea5a6d2d0316969b9a5cd002d2e69b466818ea4a4cd1400b452514805a2928cd002d1494b40051452503168a292810b499a292980b9a5cd368a007668cd36973400ecd19a6e68cd021d9a334dcd19a007d385460d381a4324145341a76690c08a4c52d25002514514c04c518a5cd06801b8a314b4a2810dc52629f49400c229a45498a4c5311111498a948a6e2810cc52629f8a5db4c08b146da942d2eda2e1622c53d453c2d070a32c401ea4d2b8ec0052e2b32f3c41a4d9e7cfbe8323f855b71fc85615e78ff004e8b22da19e73d8e028fd79fd2803b0c53715e6779f103509722d6de0807ab65cff4ac2bcf116ad799f3afa6c1ec8760fd29d80f63b9bdb5b45dd73710c43fdb702b1af3c69a35b642dc34ec3b4484febd2bc81999d8b3b1627b939a4a2c33d12f7e230e4595893e8d2bff0041fe35817be37d6ae721274817d2241fcce6b9aa4a7602d5d5fdddd9cdd5ccd37fbee4d55a28a0028a2928016928a2800a4a5349400514525002d251450014b4868a0028a292800a28a2800a292968023a28a280168a4a5a0028a4a5a402d14945002d2d251400b45145002d251453016b46c35bd46c31f65bc95547f093b97f2359b4b401db5878faea3c2df5b4728eec8769ff000ae92c3c61a45de034cd6ee7b4a31faf4af25a28158f788658a740f0c89221e8ca7229c457865b5d4f6afbeda69226f54622ba1d3fc6baadb604cd1dca0ff9e8b83f98a0563d448a4c572561e3bb09b0b790cb6eddc8f9d7fc7f4ae92c753b1bf19b4ba8a43e81b9fcbad3158b18a31526da4c5171586628c53b14b8a2e03714629e052eda43198a5db526da5c517022db4bb6a4c518a57023c518a791498a60371498a7e290d00331494f34da62128a28a002940a05380a431314014ec518a43131453b14500368a5a280128a28a0028a4a4cd0171d9a4cd2669334c2e3b34669b9a334807669734ccd19a02e3f3466999a5cd0171d9a29b9a5a005cd2d3452d03168a28a002929692800a28a2800a2968a004a29692800a28a2810b466928a00752d3696818ea2928a403b34b4da5a00751499a33400b4519a2800a28a4a0028a28a0028a4a2801692933466801692933466810b9a4cd2514c05cd251494005251494005068a4a601452d140052e28a5a04005380a414e14860053b6d00d3a90c611498a79a69a04368a53494c05a29b9a33400ea334dcd19a602e68a6e68cd003b34537346680169293345002e692928a042d1494b40052d262940a061452e29c16900d14b4e0b4e0b45c7618053c0a705a705a571d86629714fdb498a570b0dc514b4869805252d25002519a292810b9a334da4cd021f9a334ca51400ecd2d3452d03168a4a28010d2519a4a62168a4cd19a007519a4a2801d9a334da33400ecd2e6999a334863f345373466801d9a29b9a33400ea334dcd2e6801734b4da334863a8a6e68cd003b3499a4cd1400b452668a601452668a042d14945002d14945002d02928a0070a70a65381a007834e06a3069734863f34669b9a3340c5a29b9a334087668a6e68cd003a8a6e68cd003a92933466801692919828cb1007a9359979e20d2acf227be8430fe156dc7f214c0d4a4ae42f3c7da745916d0cf39ec71b47ebcfe958579e3fbf9322d6de0847ab65cff004a7611e998a82e6f2dad5775cdc4510ff6dc0af1ebcf11ead77912df4c07a21d83f4aca766762cec598f524e68b01eb979e32d1adb216e1a661da2527f5e958779f10c0c8b2b127d1a57c7e83fc6bcf68a7619d2de78d759b8c849a3817d2241fcce6b0eeefeeeece6eae6697fdf726ab5140051494500145149400b4945148028a28a6014945140051451400514945001451494005145140051452520168a2929805145140052514500145141e9400ca28a2800a28a28016928a2900b45252d000296928a005a5a4a280168a28a60145145002d1494b40052d20a28016954953952411d08a4a2901b361e25d56c7022bb7741fc32fce3f5ae934ff880461750b3cfabc27fa1ff001ae0a8a62b1ec5a7f89f48bdc04bb48dcff0cbf21fd78adb52aea0a10c0f706bc0eae58ea77b62c0d9dd4b177c2b71f974a4163dc80a5c579869fe3dd420c2ddc515cafafdc6fd38fd2ba6d3fc73a55ce05c7996cffedae47e62901d4628a86d6f2daed375acf14abea8c0d4c68130a2928a6006928a4a620a4a28a0043494b45310dc52d14503014e02905385201714628a5a431314629696801b8a4c53e9280184518a7d25003314869f48450030d25388a434c06d14b4531094514629005029714a050014b405a76290c4a29714b8a0041453b1462818da314ea4a004a29692800a28a2800a4a28a041452668cd002d1499a33400ea29b9a5a007519a4a33400ecd2e6999a33400fcd19a6e68cd003f3466999a5cd003b34669b9a33400ecd19a6d1400ea4cd2514005145250014514500145266933400b49466929805145140828a28a0028a296800a2968a0005385345385218b9a7669b45002e690d1450021a4a5a2801b452d14009494b494c028a4a2810668a29280168a28c5001452814e02818dc52814e029c1690586014e029c169c052b8ec340a705a705a7014ae34802d281452d228314b49450014869690d0034d2529a434c910d2529a434c06d21a53484502128a3146281052d0052e2800a28a281851452500368a4a2a89168cd368a007519a6e68cd003b34669b9a33400ecd19a6e68cd003b34669b9a334ac31f9a334ccd19a007e68cd373466801f9a334ccd19a02e3f34669b9a3340ee3b34669b9a33405c7668a6e68cd003b345373466801d9a29b9a33400ea29b9a33400ea0526696900b4b9a6d2d003b34b9a652d003b34669b48cc14658803d4d0171f9a3359579af699699f3ef610c3aaab6e3f90ac4bcf1de9f1645b4534e7b1c6d1faf3fa53b01d8668cd79a5df8f6fa4c8b6b78611ead963fd2b12f3c45ab5de44b7d3007b21da3f4a2c07af5cde5b5aaeeb99e2887abb8158d79e31d1edb205c1998768949fd7a57933b33b16762cc7b939a6d3b01dfde7c411c8b3b227fda95f1fa0ff1ac4bcf19eb17190932403d234fea735cdd25032cdd5fdddd93f69b99a5ff007dc9155a8a2800a28a4a0028a28a601452514805a4a28a0028a4a5a002928a2800a28a4a40145145300a28a2800a4a28a0028a2928016928a2800a4a28a40145145001451494c028a28a002929692801690f434507a1a00651451400b452514805a28a2800a28a280168a4a5a002969296800a28a2800a51494530168a28a005a29052d0014b494520168a28a005a29296800a28a280248a592170f0bb238e8ca706b774ff00176af67806e04e83f8661bbf5eb5cf52d303d12c3c7f03e16fad5e33dda33b87e55d2586bda65fe05b5e4458ff000b1dadf91af17a28158f7ace7a52578c586b7a8d8e3ecd772aa8fe12770fc8d74761e3cb94c2dedb4728fef46769fca81599e874573d61e2ed2aef01a63039fe19463f5e95b914d1cc81e1911d4f42a722988928a4a2810b4b4dcd2d0316969296900e14a29a2945218ea2929450018a314b4520129314ea31400c3486a4c5348a6162334da908a6914c06d145140828c5140a007014a0520a70a43140a762814b4862628c52d140098a4c53a928010d34d38d21a04368a53494c04a283486800cd2668a4a620cd14525002d19a4a2801d9a334da2801d9a334dcd1400ecd19a6e68cd003f34669b466801f9a334ca5cd003f3466999a33400fcd19a6669334012669375333466801fba8cd33346680b8ecd19a6668cd003f3499a6e6973400b45251400b45145301452d2514805a5a4a2801d452668a4316969296800a28a5c5002514b8a08a004a28a4a0028a29314005252e28c500369714b8a5c5301b8a5c52d14804c52814b8a50280100a762814e1486005380a414e1486005380a052d21852d25140c5a2928a005a2933466810b48693345000690d19a298098a4a7525021a69b4fa314c06628c53f146281586e28c53f1498a2e31b494fc525021b4869d49400dc52629d453246e29314fa314c08f14629f8a4c5003314629d8a4c5021b453b1498a004a29692980668cd14940c5cd19a4a2900ecd19a6d1400ecd19a6d19a007669734ca280b8fcd19a65145807e68cd328cd1601f9a334da33400ecd2e6985828cb1007bd67ddeb9a6da67cfbc8411fc2a771fc850334e94572777e38d3e2c8b78a698f638da3f5ff0ac6bbf1d5ebe45adbc308f56cb1fe94ac07a40a86e2eeded9775c4f1443d5d80af23bbf10eab75912deca07a21da3f4acb776762cec59bd49cd1619eaf77e2fd1edb205c1998768949fd7a5625df8fd46459d913fed4af8fd05703450074777e32d5ee321254817d234fea7358b757f777673737334bfefb922aad14c05a4a28a630a28a2800a4a28a4014514940052d251400514525002d2514500145145001494514005145140052514500145145200a4a28a602d2514500149451400b494514802928a29805145250014b4945200a28a29805251450014514500148dd0d14374a00652d251400b451450014514520168a4a5a0028a28a005a2929680168a4a5a0028a292980b4b4945002d0281450014b4829690051451400b40a28a00296928a005a28a2980b45252d0014b4945002d4d6d753dabeeb69a489bd5188a8296803a5b0f196a76d813325c2ff00b6307f315d15878e2ca5c0bb8a481bb91f32ff008fe95e714517158f69b2d4ecaf866d6e6293d8373f955caf0c525482a4823b8ad6b0f11ea965811dd3ba0fe193e61fad02b1ebd4b5c1d878f0f0b7f69f5688ff0043fe35d15878974abcc04ba5473fc327ca7f5a6236c528a8d5830054823d453c1a431d4e14c0696900fcd14dcd2e690c5a2933499a00752519a4a00434c34e34d34c434d2529a4a620a29296980e069e2a314e5a404a0d2d301a70a918b45145030a28a28010d21a5a4a0069a4a71a6d310869b4e3494009494b453109498a7525002514b45002514514c414514500145251400b45251400b4668a2800cd19a2928016933451400668cd2525002e68cd251400b9a33494b400b9a29296800a5a28a005a5a4a5a062d145148028a4a2801d9a5069b4a2801c29453453c5218a053b140a70148761b8a314f029714ae3b116293152eda4db45c2c458a31526da4db4ee2b11e293152628c5170b11d2d3f146280b0d029714b8a280b098a5a5a280129c2929450314538536945201e29714829d48a426292968a004a0d14502128a4a2800a292929885cd19a4a4a007514945002d2e2929680140a3140a70a43131498a7d21a0761869a69e69a69886d2629d494c4328a5a4a6405145140094869690d002514525300a28a4a041452514c02929692800a28a280128a5c518a004a296931400b494b45001451450014b40a6cd2c7042f2cce123419663d00a431b713476f0bcd3b848d064b1ec2bcef58f17dedc5cb8d3e4305b8e17e51b8fbd57f1578864d5a731424a59a1f957fbe7d4d73f4c69166eafaeae8e6e2e2597fde726ab514948614b4945030a28a4a005a4a28a0028a28a002928a298051451400514525200a28a2800a4a28a0028a28a0028a2929805145148028a4a28016928a2800a28a4a005a4a28a401452514c05a4a28a0028a28a002928a2800a28a4a0028a28a0028a4a2900b49451400514514c02928a2800a463c52d35ba520128a4a5a60145145002d1494b48028a28a002969296800a28a280168a4a5a0028a28a6014b4945002d2d251400b45252d20168a4a280168a28a005a28a2800a5a4a2980b451450014b4945002d14514805a29296800a28a280168a4a5a00b765a8de59366d6e658bd8371f974ae8ac3c717f0e05dc515c2fafdd6ff000fd2b92a298ac7a8d878d34cb8c09cc96cff00ed8c8fcc57436b776f749beda78e55f54606bc3a9f0cb242e1e177471d194e0d0163dd696bc9ac3c5bab5a6019c4e83b4a33faf5ae8ec3c796ef817d6af11fef46770fca9580eda8acdb0d734dbe03ecd771331fe1276b7e46b4b3e948028a28a00434d34fa434c446452629f498a043314b8a7628c530100a701452d218a2969052d20168a4a2818b45149400b4868a434005252d25002521a5a434c42525068a601452668cd020a29334668016928cd25020a28a29805145140052d145001451452185145253105252d25002514514005145140052d252d0014b494b400b4518a500d2180a701405a78145c76100a5db4e029715371d866da4db52628c5170b11e29714fc52eda2e1618053853b6d2eda2e3b00a7014014e1523014b8a28a0618a3145148031498a5a4a602114d229c69281098a4c52d14c42514b494005145140052d252d002d28a414e140c5a5a4a290c5a28a2900521a5a434c069a4a09a4cd32428a4346698051494b40052d2528148005380a00a70a0760029452814ec549561314d34fa69a0069a6914e3486992c6514b494c4369296929921494514c043494a6928109494b494c0434506928105251494c05a2928a005a2928a007514dcd19a00752519a33400b45252d218514536491228da49182a28c9627802800964486269256088a32589e00af33f15f889f5594c16e4a59a1e07773ea697c57e227d52536f6c4ad9a9fc643ea7dbdab9ba061451453185145148028a4a28185145140051452500145145001451494c028a28a0028a292900b4945140051451400525145001451450014525140051451400514945001451450014945148028a28a601452514005145140051452500145145002514514005145148028a2928016928a298051494500148dd29691a900da28a2980b45252d00145145200a5a4a280168a28a002969296800a28a2801450692969800a28a2800a5a4a2801696928a402d145140052d251400b4b49450014b4945301696928a005a29296800a5a4a2900b45252d0014b494b40052d251400b451494c05a5a4a280168a28a005ad2b0d7352b1c0b7bb9428fe163b87e46b3296803b4b0f1e5c2616fad9241dda33b4fe55d25878b74abbc033981cff000ca31faf4af27a290ac7ba452c7328689d5d4f42a7229d5e216b777168fbada69226f54622ba0b0f19ea76f81398ee57fdb183f98a02c7a7d15c95878e2c26c0bb8e5b76f5fbcbfa73fa574565a959de8cdadcc52fb2b73f95022dd14514005145140052d2514805a5a6d140c75149499a007525266933400b4868a4a620a434b48680129296929884a28a280128a28a60145145020a28a5a4312968c52e280b09452e2971400da2971462801292968a006d14b8a314009452e29429a004c518a785a5db45c2c478a5c549b68db4ae3b0c0b4a169e0528145c2c205a50b4e029c295cab0d0b4e0b4a29690c4c518a5a280002971499a50680140a5029334ecd218628c514b486145145020a28a2800a4a29680128a5a4a602521a5a2810da2968a602514b45002628c53b145201b8a29d4500029c29052d03140a5c52034ea43131494ea281d86521a7914d3409a2334869f8a4c555c9b0ca314fdb498a2e2b0dc52814edb4a05170b0805380a502940a572ac2629c050052d21d8052d25266818a4d34d19a4a041494b499a621292949a69a621a692968a648da4a752114c4368a5a422810d3452d253010d252d2628109494b8a4c5300a4a5a4a0028a28a0028a28a00296928a005a5a6d23baa217760aa06493d05002c8eb1a33c8c15146493d00af36f16788db5290db5ab15b353c9ef21f53ed4be2cf11b6a2ed6d68c56d14f27a7987fc2b99a4524145145030a2928a602d2514521851451400525145001451450014525140051452530168a292800a28a29005149450014514500145251400b494514005149450014514500145251400b49451400514514802928a2800a28a2980525145001451494805a4a28a601451486800a28a290051451400525145300a28a4a005a6bf6a7535e900da5a4a298c5a28a2810b45252d200a28a2800a5a4a2818b40a28a042d2514b4005145140052d2514c05a28a2800a5a4a2900b4b4945002d145140052d251400b45145002d1494530168a28a005a2929690051451400b45252d0014b4945002d140a2980b45252d00145145002d1494b480296928a602d2d251400b4aac5482a4823a114da5a00ec7c1de267827169a8cccf0c8709239c943e84fa57a203c715e142bbff0004788bce54d3ef5ff7a0622727ef0f43ef484cedb34525140828a28a4014514500145145300a4a28a0028a28a00292969280128a5a4c50025253b14869884a4a5a280128a5a2800a5c514b4861452d14009452d14009452d14009462969680b0dc52e29d4b4ae3b0dc5285a7014e028b8ec342d382d2d2d49561bb6976d2d1400ddb4629d494c4028a09a693400ea334dcd19a043f3453334b9a005a5cd373466801e0d28351e68cd161dc941a5cd440d286a2c1725cd19a8f752eea561dc7e69334dcd2e680b8b9a5a6e68cd003b345266933400b45251400514514082969296800a5a4a2818b49451400a281494b400a29c29a29c290d0a296928a430a434b486980da4a5a282443494a692980b452525021d9a5cd368a0771f9a334da2905c5cd19a4a2980668cd2628a0404d3734ec5262801a4d14ec518a60328a28a6485252d25002521a7518a04331498a7e29314c0652629f8a4c5021b498a7e29314c06e29314fc5262801b8a4c53f1498a04371494ec518a60368a5c52310aa5988007249a0046608a59880a06493dabcebc5be2337eed6966c45aa9c330ff9687fc29fe2ef119bd66b3b1622d870ee3fe5a7ff005ab94a0a4828a28a430a4a28a0028a28a601494b494861451453105251450316928a290051494500145068a620a0d14940c28a28a40145149400b494506800a28a4a005a4a28a0028a28a002928a2800a28a2800a4a28a0028a28a40149451400b494514c028a2928016928a2800a4a5a4a0028a28a0028a4a2900b4868a6b3aafde603ea6801d4540f7702f5917f0e6a16d4211d3737e14c0b9456736a5fdd8ff003350bea131e8157f0a00d7269ad58ad773b7590fe1c53a091ce497627eb4811af45505b89077cfd6a45bb3fc4a3f0a2e32dd2d575b943d722a55911ba30a007d14514085a29296800a2928a005a5a4a280168145140052d252d00145145300a28a280168a4a5a4014b4945002d1451400b451450014b4945002d145140052d2514c05a2929690052d251400b45145002d1494b4c05a2928a005a28a280168a4a280168a28a402d029296800a5a4a5a0028a28a602d2a3323ab212aca7208ea0d3696803d43c21af8d56dbc8b8602f231cffb63d457475e2569732da5c473dbb94950e4115eb1e1dd662d62c448b859978913d0ff008504b46b51494520168a4a280168a4a2800a28a4a005a2814b40c4c518a5a4a003146296929009494e3494c436834b4940094a2802971400514b4503b0514b462905828a5a281d84a4a75145c2c252e29714b8a02c20a514519a431d4520345003a969b46690c7514dcd19a005a3349484d0004d373413484d3258668cd2669334c43f3466999a334c0933499a6668cd20b8fcd19a666973400f068cd3334668024cd2e6a3a5a02e3f3466994b45863f34b9a6668cd2024cd19a6668cd0324cd2d479a5cd003e8a6e68cd218ea293346680168a4cd19a005a2933450216969b4b40c70a70a60a5a431e28a6e696818b4514520131494ea4a621b452d2502128a5a5c5016128a5c52e281d86d2d2e28c5016128a28a004a2968a04251451400514514010d1451564051451400514514005252514085a4a28a002928a2800a28a298098a4229d4628b80dc52629f8a4380327a0a0430e00249c01debcf3c61e25376cf6560f8b71c3b8fe3f61ed5278cbc4df692f63a7bfee0712483f8fd87b57194c690b45252d030a4a28a0028a292818514514c414514940051451400514525002d251452185145140052514500145145300a2928a4014514500149451400514514005252d25002d2514500145252d0014945140051451400525145200a28a4a005a4a63cb1a7de751f535135edbaff00cb407e8334c0b145516d4a21f7558d42da9b7f0c607d4d006a5158cfa84e7a155fa0a85eea77eb237e071480dd240ea40a8dae215fbd22fe7582cccc7e624fd4d3680369efe05e8c4fd0542da927f0c6c7ea6b2e96802f36a527f0a28faf350b5f4edfc78fa0aad450048d34adf7a463f8d309cd25140051451400514525002d4d6fd0d4153dbf46a0689a928a290c292968a0055765e8c47e352adcc83a907ea2a0a2802dade7f793f2352add467a923ea2b3e8a2e163556446fbac0d3ab245396475e8c47e345c5635296b3d6ea41d483f5152ade7f797f234ee162dd2d575b988f723eb52abab7dd607f1a043e8a28a005a4a28a602d1494b400514514805a2929680168a4a280168a28a005a28a4a00514b494530168a28a00296928a402d14514000a5a4a5a0028a28a005a2929698052d251400b451450014b494520168a28a005a2929698052d251400b4514500157b47d4a6d2ef92e6dcf23865ecc3d0d51a5a00f68d2f508352b34b9b66cab0e47753e86add79278675b9347bd0dcb5b3f1227f51ef5ead6d3c773024d03878dc655877a4492d14945002d14945002d1494b400514514861452669334c43a933499a4cd0171d49499a3340052d2528a005a5a414a290c29680297148a1296968a004c514b450014514500145145030a4345250216969b45003f345373466801d4537346680173484d2668cd001494514c425252d25310514518a0414518a2800a28a2801696929690c5a29052d002d145140c29734949400ecd19a6e6973400ecd19a6e68cd201f9a334ccd2e6801d9a5cd3334b40c76696999a703400ea5a68a70a4014b494b40c514b482945218a2969052d002d251452185252d253105252d18a00053a929690c5a28a28189451450210d252d253105252d14009452d25020a28a28021a4a33495640b4526692801d499a4cd14001a2928a042d14945002d1494530168a4a5a4028a5a6d2e6818a70064f4af3df19f89fce2f61a73fee8712cabfc5ec3da9de33f147985ec34e7f93a4b2a9ebec3dab87aa4805a4a28a60145145200a4a28a0028a28a0614945140828a28a6014525140051451400514525218514514005252d25002d2514531051494b40c2928a2900514514005251450014521351b4f127de9147e34809692aab5fdbaff001e7e82a27d4e31f7518fd78a605fa2b29b5373f76351f539a85efe76e8c07d05006dd34b2af2c40fa9ac069e66fbd239fc6a3249ea49a00de6ba817ac8bf81cd42fa8c2bd3737d0563506901a6daa0fe08cfe26a27d4a53d1547eb5468a00b0d793b75908fa7151348edf79d8fd4d328a004a28a2800a28a2800a28a4a005a28a2801296928a0028a28a0028a28a0028a28a002928a2800a9edfa1a82a7b7e8681a25a28a290c28a28a004a28a2800a28a280014b494b40051494b4804a5a4a28024595d7eeb91f8d4ab7720eb8355a8a605e5bc1fc4a47d2a55b989bf8b1f5acda28b8ac6b2b2b7dd20fe34eac7a9166917a39a770b1a94b59cb7920ea01a996f57f8948fa5170b16e8a856e626fe2c7d6a50c1ba107e9408751494b40052d251400a28a28a00296929680014514530168a4a5a40145140a005a2929680168a4a280168a28a00296929698052d251400b45252d200a28a2801696928a005a2929698052d251400b45252d002d74de0ef101d36716b74dfe8721e09ff9667d7e95cc51401ee4a4100a9c83c82296b84f0478870574ebd7e3a42ec7ff001d3fd2bbaa448b49451400b45251400b9a334949400b48683486800cd251494c42d029281400ecd28a4a05218e14e14da5a4343b34b9a6668cd21dc7e68cd373466818ecd19a6519a007e68cd373466801d45373466801d49499a33400b45266933400ea4cd26693340876693349499a6171d9a334945002e68a4a5a0028a29680128a5a280b09452d140584a29714502b094a28a2818b451452185145140052514531051494b4082969b4b400b4b4da5a062d2d2528a402d28a414e140c514a2929690c5a5a4a5a062d3a980d381a403a8a4cd19a43168a4a28016928a2810b45252d03168a4a2818b4525250216933484d25310b9a3349499a007668a4cd25017168cd2514085a2928a008334525156405145140828a4a280168a4a5a0028a2928016928a2980514525003b35c278cbc4f9df61a73f1d25954ff00e3a297c65e27c6fb0d39f9e92cabdbd87f8d7094d2041451494c62d1452500145145200a28a4a0028a28a0028a4a28016928a2980514514005251450014514521894b4948580ea40fad002d06a17b9857ac8bf9d42da8403a12df41401728ace7d517f86327ea7150bea529fbaaa3f5a00d6a2b09ef6e1bf8f1f415134d237de763f53401d034889f79d47d4d40d7902f5901fa7358468a00d87d4a11f74337e150bea67f863fccd66d140171b5198f4dabf4150b5dcedd646fc38a828a40399d9bef313f534da28a0028a28a00290d2d250014514500145149400b45251400b494514005145140051451400514868cd002d1499a322800a293341345c2c2d14dc9a295c761d4669945170b0ec8a375368a2e1617349934514ae3b064d01d97a1228a43401209dc7707eb4f171eabf91a8292802d89d0f5c8a70910f46154e8a00bd4552048e84d3848e3f8a802dd15584eddc034f138ee08a009a96a212a1ef4f0c0f422801d494514c028a28a0028a28a005a28a290051451400514514c05a0123a1c52514012acf22f473f8f352a5e38ea01aad45005e5bd43f7948fd6a65b889ba301f5acaa5a2e2b1b2ac0f420d2d630247424548b712af473f8f34ee163568acf5bd71f7941fd2a65bd43f7948a0562dd150acf137471f8f1528208e0e680168a4a5a005a29296800a28a280168a4a5a00296928a005a28a2980b452514805a5a4a280168a4a5a0029452514c05a28a280168a4a5a0028a28a402d1451400a09041070457a47833c402fe116976dfe9718f949ff009683fc6bcdaa48269209925858a48872ac3b1a04cf6fa2b17c2fae47ac5a7cd85ba8c6244fea3dab6e8109462968a43131462968a006e28c53a8c530198a314ea2810dc52629d4500262814b49480296928340c5cd266928a005cd19a28a0029734945002e68cd251400b9a334945002e69334945002e68cd251400b9a4a2933400b466928a6216969b45003b34b4dcd140c7e68cd368cd21dc7e68cd368a02e3b3453734b9a02e2d14945002d14945002d14945001452514085a2928a005a2928a005a28a280168a28a062d28a4a5a43145385345385002d2d369734863a8a6e6973400ecd19a6e68cd0171f9a506a3cd2e681dc7e68cd3334669580933466a3cd19a2c1724cd19a8f34668b05c93346ea8f34668b05c7eea426999a334c2e3f3499a6e68cd1615c7668cd3334668b05c7669734ccd19a007e68a6e68cd021d453734b9a06414b45154405145140051451400514945002d251494085a2928cd300ae27c65e26f2f7d869cff003f496553d3d87bd3fc63e26f203d8e9eff00bde924a0fddf61ef5e7e7934c2c145145030a4a28a601451494005145148028a2928014514c6755fbcc07d4d44f7702f5917f0e68027a2a93ea308e9b9bf0a85b54feec7f99a00d3a4ac77d4a63d028fc2a27bc9dbac847d38a00ddcd46f3469f79d47e3580d23b7de663f534da2e06db5f40bfc79fa0a89b538c7dd4635934940cd17d51bf86303ea6a17d4276e842fd0554a280256b999bac8df9e2a3249ea49fad3696900525068a0028345140094514b400868a28a0028a28a004a28a2800a28a2800a29296800a4a28a0028a293345c2c2d25145171d828a4a295c2c2d04d25145c2c19a28a28b8583345149486145145001494b45002514b4940051451400514514005252d140095774cb3fb648e0b6d541938eb54eb63c3bf7ae3fdd1fce931a2d47a15bc9c092407d78a493c2f2eff0092e10a7a9539ad8b5eb5a47eed65cccd3951c74de1d9117e49d58fa15c5634d13c32b4720c329c115decdd6b8dd6ff00e4293fd47f215716dee4c92451a28a2ac80a28a5a00292968a004a5a28a0070761d09a7099c7707eb51d1401309fd453c4ca7ae4556a2802d8753dc53aa9d0323a1a00bb45541230ef4f1337700d0058a2a1130ee0d3c4aa7be2980fa290303d08a280168a28a0028a28a4014a292814c05a28a2800a28a2800a72b15e848fa5368a00996e655e8e4fd6a55bd61f7941fa554a2803456f633f7811532cf1b7471f8d64d145c563681cf7a5ac556653f2b11f4352a5ccabfc59fad3b858d5a2a82deb0fbc80fd2a65bc8cf5dc28158b545449346df75c54a3da800a28a2980b45252d200a5a4a280168a28a002969296800a5a4a2980b451450014b494520168a051400b45252d005ad32fa6d3af23b9b66c3a9e9d88f435eb7a2ea706ad6297101c1e8e9dd4fa578d569f87f579b47be59a3cb44dc4899fbc3fc6803d8a8aad657715e5b47716ec1e37190454f9a42b8ea29b9a4cd0171f49499a4cd0171d49499a4cd310ea4a4a2800a28a29005252d25300a28a290052d251400b452519a005a293345001452d14c04a2969290c292968a62128a5a280128a5a280128a5a4a002968a5a061451452016969296800a2968a062514528a004a2968a004a2971498a004a29714502128a5a28012968a5a004a5a28a0614b452d2180a5a4a5a005a2928a005cd19a4cd266801d9a334dcd19a007668cd373466801f9a334ccd19a00933466a3cd2e6801f9a334ccd19a007e68cd33345003b346ea651405c76ea375368a057173466928a005cd19a4c51400b9a334518a005cd19a297140c334668a28023a5a4a29922d149450014514500145145002514514082b8df18f8985b07b1d3df339e24907f07b0f7a778c7c4a2d15ecac1c1b8230f20fe0f61ef5e7324c8092f20c9e4e4d5201e492727934955daf6dd7fe5a027db9a85b52887dd56340cbd4565bea87f8231f89a85b519cf4dabf41401b548481d481582f753b7591bf0e2a16666fbc49fa9a00df7b8857ef48a3f1a85afe05e8c4fd0562d25006b3ea69fc28c7eb50b6a721fba8a3ebcd50a4a00b4f7f3b7f1e3e82a169e56fbd239fc6a3a2800273d68a292900514514005145140094514500145145030a28a4a0028a28a0028a28a002929692800a28a28b8582928a295c760a0d145170b05145145c2c1494b494ae3b0514514005252d14009452d2500145145001494b45001494b450025145140051451400514514009452d2500145145001494b45001494b45002514b4940056c7877adc7d0563d6cf877fe5e7e8bfd693d86b73a0b5eb5a47eed675af5ad16fbb583364529bad71bad7fc8527faff415d94dd6b8cd63fe42771fef7f4ad2044ca7451456866145145001451450014514b40094b451400514514005145148028a2969809452d1400528661d09a4a2801e2561df34f131ee2a1a2802c0957dc5383a9ee2aad14017281550123a53848c3bd1702d5155c4cddf069c261dc5004b453048a7bd38303d08a603a8a28a0028a28a005a28a2800a28a28016928a2800a723b2fdd623e869b4500585ba957f8b3f5a992f8ff1a0fc0d52a280b1a49791375cafd6a659637fbae0fe358f4517158dba5ac6591d7eeb30fc6a64bb957a907ea29dc2c69d15452fbfbe9f91a996f226ea48fa8a0562cd14c5951beeb03f8d3e80168a4a2980b4b4945002d1494b4805a2928a005a28a280168a4a2981d0f84f5d6d26ebca98936721f987f74ff7857a7c6eb246af1b064619047422bc42bb0f057883ecceb6178dfb96388dcff01f4fa50268f41a28a290828a28a0028a28a0028a28a0028a28a401494b49400514528a0028a5a281898a29692801314b45140828a28a06145145001494b4940828a29280168a4a298051451400b452528a005a5a4a5a43014ea4a2818b451452003452514c05a5a6e68cd201d452668a002928a298051451400b4514520168a28a0614668a4a007668cd368a043b34945140c28a4a5a041452628a00296928c5002d14628c50014518a3140052d262971400514628c500145145001452d140094b4b46280128a70146281894b8a5c514005145140051451401152514532428a28a0028a292810b4669292980b9aafa8398ec2e5d4e1963620fe153d54d60e349bd3e90bffe826803e7892696462d248ec49c924e7351d14940c28a28a0028a4a2800a28a2800a4a5a4a0028a28a0028a2928016928a2800a28a28b8ec145145170b09452d252b85828a28a2e3b05252d145c2c2514b49486145145002514b45002514514005252d14009452d140094514500145145001494b4500251451400514514005252d14009452d14009452d2500145145001494b45002514b49400514514009452d14009452d2500145145001451450015b3e1de973ff01feb58d5b5e1efb971ff0001feb49ec35b9bf69d6b45bee5675a75ad16fbb581b228cdd6b8dd5ffe42571fef5765375ae3355e752b8ff7cd69022654a28a2b4330a2968a0028a28a0028a28a0028a29680128a5a2800a28a2800a28a2800a28a2800a2968a0028a28a0028a28a0028a28a0028a2968012968a28014311d09a7091877a651401289bd45384aa7d6a1a2802c8753dc52e6aad038e94016a8aae1d877a7095bd05004f4544261dc53848a7bd301f452020f434b400b494b450014514500145145001452d140053d65917eebb0fc6994500594bc957ae1bea2a65be1fc69f91aa14b4058d44bb85bf8b07dc54cb2237dd607e86b16814ee2b1b94563a4d22fdd73f9d4ab7b28eb86a2e163528aa497e3f8908fa1a996ea16fe2c7d681589e9698aeadf7581fa1a75002d14514c05a2928a00f42f057887ed28b617aff00bf51fbb73fc63d0fbd7615e1f1bb46eae8c55d4e411c106bd3fc25af2eab6be54c40bc8c7cc3fbc3fbc2912d1d0d1499a5cd200a28a5a004a5a4a28185145140828a28a0028a28cd00145145030a4cd145020a28a2800a5a28a0028a28a0614869690d02128a28a60145251400b45251400b4a2928a00752d3734b4863a8a4a280168a4a28016928a4a005a2928a005cd2d25140052d251400b45251400b4b494b40c296928a402d14519a0614b8a2806800c52e297346680131462968a4018a314b45031b8a314ea2810dc52e2968a00314628a2818628c514500262929d494c4252d1450014b45140052d14520168a4a2800a2933453016928a280014e1482969010d1494b9aa1052514500145145020a4c52d140098aa1af71a1ea07fe9de4ffd04d68550d7a379b44bf8e252f23c0eaaa3a9254f14c47ceb454d756b7169218eea196171fc322953fad4340c28a28a2e16128a5a28b8ec2514b452b8584a28a28b8584a2968a2e3b09452d25200a28a2800a28a280128a5a4a0028a28a0028a28a004a2968a06251451408292968a06251451400514514005252d14009452d2500145145002514b45002514b4948028a28a601494b45002514b4940051451400514514009452d14009452d1400945145001494b45002514b4940051451400559b5b296e50b47b76838e4d56addd0bfe3d1bfdffe949bb21a572aae8f2ff14883e9cd4aba30fe298fe0b5af4547332f95198ba3c03ef3b9fcaaeda5a456b1bf9408dc46726a6a70ff0056df514aec2c89ed3a8ad16fb959d69d6b45feed4168a3375acebad2ad6795dd9583b1c921ab466eb4d6fbc6aaf642b5d98b268311ff0057338fa806ab49a0cc3ee4a8df518ae8a8a3998b951cabe8f789d230c3d9aabc967731fde8241ff01aeca969f3b17223852a54e0823eb495bde26e96ff008ff4ac2ad13ba21ab30a28a298828a28a0028a5a4a0028a5a2800a28a2800a28a2800a28a2800a28a2800a2968a004a5a28a0028a28a0028a296800a28a2800a28a2800a28a2800a28a5a004a5a28a00294311d09a4a2801e2461de9c25f515152d004c255f714e0ea7bd57a2802c834b5545383b0ef45c0b34950895bbe0d384a3b8a77025a298245f5a70607a11400b4b49450014b4940a005a28a280168a28a0001c74a9567957a39a8a8a00b697b20fbc15aa55be5fe2423e959f4b45c2c6b2dd42dfc78fad4aac187041fa56250091d0e29dc56372a7b2ba96cee63b8b762b221c83fd2b052e255e8e7f1a992fa41f7803fa5170b1edda06af16af64258c859578913fba7fc2b52bc4b43f10be977c97110603a3ae7861e95ecb637497b6505cc59f2e540eb9eb83410d58b345368a403a8a4a280168a4cd26680168a4a280168a4a280168a28a0028a28a00296929681851451400b45252d0014869692801a4518a7518a0561b8a314fc5140ec3314b8a7628a2e161b8a314ea280b098a2968a02c1451450014514500145145002514b4940051451400514668cd002d1499a33400b4b4dcd2d002d14945002e69734945031697349452016973494a281866973494b400b45145200a5a4a5a061451450014514500145149400514945310b45252d002d2d2514805a28a28181a4a5a4a0414518a298051462971480053a929450056cd19a666973564dc7668a6e68cd0171f453334b9a4171d453734b9a005a2928a0086ead2deee331dd411cc87aaba823f5ae5b54f87da35e65a0492d243de26e3f23fd2bafa5a00f20d53e1bea76fb9ac668aed0763f237ebc7eb5c96a1a55fe9cfb6fad2687ddd4e0fe3d2be8ba6c91a48856455653d430c8a02e7cd3457ba6a9e0bd1350cb35a08243fc701d9fa74fd2bcb67d16dd6ea5855a4c23950d9e78349bb1515739da2b62ef429a25dd0b8917d0f06b21d1918aba9561d8d24d3d86d35b8da2968a62128a28a0028a28a0028a28a004a2968a004a28a2800a4a5a280128a5a280128a5a4a0028a28a002929692818514514005252d14009452d2500145145001494b45002514b45002514514804a2968a602514b49400514e48ddce11198fa019abf0687ab5c0060d32f6407bac0c7fa500675257496de07f12dc01e5e8f743fdf013f9915a76df0c3c51311baca287de4997fa134ae8766711457a4c1f07f5d7ff005d756118ff007d98ff00e835a907c179ce3ed1acc6bea12027f9b51cc83959e45457b85bfc19d3940fb46a976e7fd8555fe79ad2b6f84be1c8b1e6fdb27ff7e5c7f20297321f2b3e7da2be95b7f871e16808234b573ff4d2476fe66b4e0f09f87e0c795a358023b98149fd68e741ca7cae013d064d5bb7d32fee7fe3decaea5ff72266fe42beb082c2ce01882d608c0ec9181560003a0029738f90f962dfc21e21b823cad1afb9fef4457f9d69c1f0dbc55363fe258507abca83fad7d2b452e763e547cfd07c22f11498f31ec62ff7a527f90ad2b6f8317ec07da756b68ffdc8d9bfc2bdbe8a399872a3c8edbe0bdb023ed3ac4ce3fe99c217f9935a76ff0007f408ce65b8bf97d8c8a07e8b5e93452e663e547136ff000c3c2b163360f21f5799ff00c6b8af88da369fa26a96d6fa5db25bc4d0ee655cf2724679af6baf22f8be7fe2a0b51ff4ee3ff426a2e16385a2929690c29c3fd59fad369dff002ccfd6989962d3a8abeff72a85a75abeff0072a0a28cbd691bef1a597ef521fbc69f4175128a28a430a28a28036b44f029f185acb2adf8b56b76da018b786c8fa8a65e7c1ad6a327ecb7b6338ff68b21fe46bbcf8403fe25b7e7fe9b0ffd06bbfab526896933e67bcf865e2ab6271a70980ef14aa7fae6b12efc31ae5993f68d22f900ea7c8623f302beb3a29f3b172a3e3778de362b2232b7a30c532bec49ecedae14adc5bc32a9ece80ff3ac5bcf05f86eec11368d6593dd23087f318a7ce2e43e56a2be8ebcf853e179c1f2edee2dc9ef14cc7ff42cd615e7c16d3d87fa1eab7511ff00a6a8affcb14f990b959e1d457ab5efc17d4d39b3d4ed26f691593f966b0ef7e1678a6db3b2d21b81eb14cbfd714ee856670b456f5e7843c4366489f46bd18eeb1171f98cd63cf6d3dbb6db886589876742a7f5a0443452d14c028a28a0028a28a0028a28a0028a5a28012968a2800a28a2800a28a2800a2968a0028a28a401451450014514b400514514005145140051451400b4514500145145001452d140002474269c2461de9b450048253dc53848bdf22a1a2981603a9ef4eaab4bd3a5005aa2ab8761dcd2895bbe29dc09e8a884bea29c2453de8b80fa290303d08a5a002969296800a28a28016bddfc2c3fe29cd37febdd3f90af08af79f0bffc8b9a6ffd7ba7fe822826469d18a5a4a090a4a5a4a0028a28a004a28a2800a5a31462800a5a4a5a0028a28a0614514b4005145140052d145030a28a2800a28a5a40251451400b45251400514514c028a4a2810b45251400b45251400b49451400514514009452d1400da29d45021b4b4b46281d84a5a5c5140584a5a5c518a2e3b094b4b8a5c521d84029714b450014514b40051451480296928a062d2d368a007514945002d14945001452d140098a314b450018a2968a00314b8a28cd218628c52e68cd0025252d14084a28a5a60252e28a5a002968a2901468a28ad0c82968a281852d252d00145145200a51494b400b45145030a28a28010f435e3931cea339ff00a68dfcebd8cf435e34c737b2ff00be7f9d454d8d29ee5a97fd5d67a59437d7f6f0ceb957915491c1c135a12ffaba874b19d66cc7fd364fe759c773596c6d6a9f0ca26dcda65eb21ec930c8fcc7f85721aa78375bd3b2cf66d3463f8e0f9c7e5d7f4af76a2b739ae7cd2e8c8c55d4ab0ea08c114dafa2b51d234fd4948bdb3866f765e47e3d6b91d53e1b69d3e5ac2796d5fb29f9d7fc7f5a2c3b9e49495d76a9e01d6acb2d0c497718ef0b73f91ae56786482568a7468e45386561820d2191d14a149e809fc2a45b795ba44e7f0a008a8ab2b65707a447f1a64f6d2c18f350807bf6a2e3b321a28a28109452d140094514500145145001494b4004f419a004a2addbe9b7d73ff1ef65732ffb91337f215a56fe12f105c7faad1ef79fef4457f9d171d8c2a2baf83e1c78a25c7fc4b4a0f579507f5ad283e12f88a4c798f6317fbd293fc852ba1d99e7b457aadb7c1bbe61fe91aadb467d12366fe78ad2b6f8356c3fe3e75799ff00eb9c217f99347320e5678c515ef36ff08b418c832dc5f4bec5d47f215a707c33f0bc58cd8bc8477799ff00c697321f2b3e73a2be9fb7f05786e003668d6671fdf8f77f3cd695b68fa65aff00c7b69f6917fb90a8fe94b9c390f94e1b5b89ce2182590fa2213fcab460f0d6b73e3c9d22fdb3dfc86c7f2afaa15114615540f614ea39c7c87ccf07c3ff00144d82ba4caa0ff7dd57f99ad3b6f855e259befc56b0ff00d74987f4cd7d0b452e663e547865b7c1dd59ff00e3e350b28c7fb3b9bfa0ad2b7f830323ed1ace7d4241fe2d5ec3451ccc3951e6307c1dd1971e75f5fc87d8aaff004ad3b6f859e18887cf6f7131f579987f2c5777452bb1d91cbdb7807c316ff734881bfeba12ff00ccd69db787345b620c1a4d8c67d5605cff002ad5a295c2c451dbc318c4714683fd9502a5a28a06145145001451450014514500145145001451450014514500145145001451450015e41f178ffc5476e3fe9d97ff00426af5faf1ff008b87fe2a587febd97ff426a00e228a292800a77fcb33f5a6d3ff00e59fe34c4cb169d455f7fb9542d3ad5f7fb9505228cbf7a91bef1fad2cbf7a91bef1a7d05d44a28a290c28a28a00f54f8423fe2537dff5dc7fe822bbeae0fe108ff8935e9ffa6fff00b28aef298828a28a0028a28a0028a28a0028a28a002992c314a08963471e8cb9a7d14018b79e15d06f09371a3d8bb1eade4a83f98ac3bcf85fe16b8c95b17849ef14cc31f8138aeda8a7762b1e5b77f06748901fb2ea17b1376dfb5c7f2158779f05af141367abc121ec2488a7ea09af6ea29f330e547ced79f09bc4d6e098a3b5b9ff00ae7360ff00e3c0561de781fc4b67febb46bb23d635f33ff41cd7d4b453e762e547c8175a7de5a1c5d5a5c407d248caff003aad5f633a2b8c3a823dc566de787f47bde6ef4bb2989eef0a93f9e29f38b90f92e8afa62f3e1bf85ae892da5ac64f78a464fd01c5625e7c1dd0a524dbdd5f419e837ab01f98cfeb4f9d0b959e05457b0ddfc159064da6b2a7d04b063f507fa5625dfc21f1143930bd95c01d02ca413f9814732172b3ce68aeaaf3e1ff008a2d01326913301de22aff00c8d625de8fa959e7ed7a7ddc2077921651fa8a770b1468a3183cd14c41452d250014b4514804a5a28a0028a28a0028a296800a28a2800a28a2800a28a5a0028a28a0028a29680128a5a2800a28a298051451400514b450014514b4804a5048e868a2980e0ec3bd384a7d2a3a3140130907bd383a9ef57b4ef0eeada8e0da58ccca7f8d86d5fccd755a6fc34bc930da85dc50af758c6f3fd0502b9c466bde7c33ff0022ee9bff005ee9ff00a08ac7d37c07a2d910d242f74e3bccd91f90c0aea228922896389552351855518005325bb8fa33494502168a4a2801d452668cd002e28c526697340c2969334b4005145140051451405828a28a005a29334503168a6e68a007514dcd19a007514dcd2e68b00b453734668b087526693346680168a6e68cd002d2d3734668016969b9a280169693346680168a4a2800a5a4a280168a4a280168a4a5a00296928a062d2d2514807668a6d2d031d453734b9a00751499a281dc5a2928a402d14945310b45145002d14829690c28a296800a28a2800a28a2800a5a4a5a0028a28a0029734945002e68cd145200a2968a0028a296800a28a28014528a4a3340ca78a314b4b566761b8a5c52d140584c514b45171d84a2968a2e1612968a28b8ac145145030a29714b8a41618df74fd2bc654e6ea4ff0078d7b3c9f71be86bc5e3e6e1bea6a27b1a4372e4df72a2d1c675cb2ffaec9fcea49bee5374319d7ac7febb2ff3a88ee692d8f5ea29d8a4c56f739ec2514b4501612bc87c4caadaf5f1201fde9ea2bd7abc83c4273ae5f7fd766fe7532d8a86e670007402968a2a0d42a5daaf1ed60083d8d455327dd152c68cbbcd255b2d6e769fee9e95521d1b519ffd4d9cce338c85e3f3ae82bafd0b8d261e9ce7f0e6aa126f42251479e45e15d5dffe5d76ff00bcea3fad588fc1da9323348d0478ec5893fa0af4863c211dbb0ed4641da4640f7ab22c7050f81ae5c664bb8947a8526ae47e05840066be7f70100aec586e55070d9fd29d1426499638c658f1834c0e5e3f0569abf7dee1b8c9cb01fd2b7bc2de0dd0e5d51639ecccca109224638cfe75a8da65e296fdc77ec4135a7e16b69e2d5b74f132fc8dc91fd69cb6263b9af0785340831e5e8f6008ee61527f5ad282c6d201882d608c0fee460558a5ac0e810281d0014b451400514514005145140051451400514514005145140051451400514514005145140051451400514514005145140051451400514514005145140051451400514514005145140051451400578efc5bff00919e2ffaf65ffd09abd8abc6fe2c9cf8a17febdd3f9b500717451450014eff00967f8d369dff002cff001a62659b3ea2afbfdcaa367d455d7fb950514a4fbf4d3d4d3a4fbf4d3d4d3e820a28a290c28a28a00f57f8443fe24979ff005f1ffb28aeeeb86f847ff201bb3ff4f07ff415aee698828a28a0028a28a0028a28a0028a28a0028a28a0028a28a0028a28a0028a28a0028a28a0028a28a0028a28a0029080460806968a00a379a3e9b7a3177616b3ff00d74895bf98ac4bcf87fe17bbff0059a44087d62263fe445753453b81e7579f08bc3b31cc0f7b6dec92861ff8f0358979f05a3249b3d61d47612c20fea08af60a29f331591e0977f07b5d889fb35d58ce3b659949fd2b12efe1bf8a6db39d31a503bc522b7f5cd7d2d451ccc5ca8f936ebc3dacda67ed3a5df460752d0363f3c566b2b29c3020fa115f62556b9b0b3ba52b736b04c0f69230dfce9f38b90f90e8afa8af3c11e1abb044ba3da2e7bc69b0ff00e3b8ac4bcf851e1a9c1f2a3bab73ff004ce627ff0042cd3e742e567cf1457b5de7c18b36ff008f2d5ae23f69630ffcb158979f073568cffa26a16730ff006c321fe469f320e56797d15dade7c31f145b13b6c52703bc52a9fe641ac5bbf0aebd6848b8d22f971d4885987e638a7742b331296a496196162b346e8c3b32906a3a0414514b40094b45140051451400514b4500252d145300a28a2800a2940c9c0ad7d37c35ac6a3836b613143fc6e362fe66803228af42d37e19dd3e1b50bc8e21dd621b8fe6715d4e9be05d12cb0cf035cb8ef33647e5d28b0ae78cdbdb4f72c56de19252392114b63f2ab16ba7cb3380dfbb5f53d6bdf1ede1b5b1952de18e240870a8a00e95e3b6ff00eb3f1a99bb150f798f8745b48a30595a46f5635dc7c3fd32c96d279becb09944980e54120607435cd37faa15d8f807fe41b71ff5d7fa0a9836d9534923a803038a28a2b5310a28a5a2e3b0da314ec518a2e16198a314ea4a056128a0d25020a5a4a2801c2969b4b40c514b4945003a928a28185252d25020a4a0d25002d14945002d14945002d1494500145252d020a28a2800a2928a005a28a4a005a5a6d2d002d14945002d1499a2818b4b4945002d25145002d1494b40052d251400b45252d030a28a280168cd252d200cd2e69052e2818669734014a0500252d0052d001452e28a430a5a28a0028a2968012968a2800a28a290052d1450014514b4009452d140094b4514005145140052d2668a005a2928a005a2928cd0056a2933466ac8168a4a2818b4b4da5a402d1499a3340c5a29334b9a002969334b9a005a2928a006ca7113ff00ba6bc5e1ff005cdf5af66b938b797fdd3fcabc66dffd69ace7b1a40b937dca3c3e33e21b1ffaecbfce89feed3bc3633e23b1ff00aea2a63b972d8f5da2928ad8c0290d2d21a004af1ed74e75abeffaecff00cebd86bc735a39d62f4ffd367ffd08d4c8a86e53a28a2a0d02a65fba2a1a997ee8a4c685aeb7455034c809017af3ebcd7255d768bce9d00cf63c1e47534e1b933d8bcff286da063afdea1597a74ce314dc79817200eb9cf6a76ee382a39e9d6b4330c10e791cf4e2ac6967fe2610ae31b5c0c7a55623747bd998b039c7a62ae694aa3508319dc5a803ada9ec7fd7e3daa0ab161febff000a1ec11dcd1a29296b2360a29296800a28a2800a29296800a28a2800a28a2800a28a2800a28a2800a28a2800a28a2800a28a2800a28a2800a28a2800a28a2800a28a2800a28a2800a28a2800a28a2800a28a2800a28a2800af1af8ae7fe2aaff00b609fccd7b2d78c7c5539f15b7b429fd68038ea28a2800a77fcb31f5a6d38ffab1f5a622d59f515764fb954acfa8abb27dcfc2a0a2949f7e9a7a9a73fdf14d3d4d3e820a4a28a43168a4a5a00f5af849ff00200b9ffaf93ffa0ad7715c47c24ff917ae3febe5bff415aede98828a28a0028a28a0028a28a0028a28a0028a28a0028a28a0028a28a0028a28a0028a28a0028a28a0028a28a0028a28a0028a28a0028a28a0028a28a0028a28a0028a28a0028a28a0028a28a008a6b78665db3431c80f66506b1eefc23e1fbbcf9fa3d9127bac414fe62b768a6079178b3c07a143a804b4824b7531862124246727d735cbcbe05b73910de4aaddb7206ff0f4af58f14da4d71a923471ee5083d3ae4d61dd5acf6a8acd1ec5ce396ad96c62f73cd26f02deaa168ae6ddf07a1ca9aceb9f0a6ad02e7c85907fb0e0ff003af52c132076248e4e3a8a69f97a83b57a0ed480f1f9348d423ceeb2b8c038242123f4aa8f13a36d74656f42315ed878c024851ce402013599e202a74bb9da818103e6dbd391401e636da7bc9f34bf22fa77ad8b6b1b631156894e0f53d696ac5b7dc3f5acdb6cd5248aafa55ab74565fa1a81f448cfdc9587d466b5a8a5ccc2c8c26d16507e59508f718aef740f877a7c9696f737f7134c6440e517e45e474f5ae7ebd5f46ff904597fd714fe55a41b66735621d3741d2f4d03ec765046c3f8b6e5bf33cd695149566629a4a28a0086f7fe3ce7ff0071bf9578bdbffacfc6bda2fbfe3cae3feb9b7f2af18b7ff595153634a7b9acdfea85763e01ff009064ff00f5d7fa0ae35ffd50aecfc03ff20b9ffeba9fe42a21b975363a7a28a2b63116945252d218b49452d0036929c69280131498a75140ac371462968a77109452d2500145145002d14949400ecd266928a0028a28a04145145030a28a2800a2969280128a5a28109452e28a004a5a28c5001494b45002514b8a4a0028a5c518a004a5a31462800a297145030a28a5a004a2968a0028a5a280b051462940a43b09453b14b8a0761b4629d8a5c5016100a5a5c5148614514b40052d252d2185145140052d252d00145145001451450014b4945002d14945002d145140052d2514085a4a29280168a4a2980b452514085a2928a005cd14945032ad19a4a2a8cc7668a4a2818b4b4da5cd002d14945002d14945161dc5a5cd368cd160b8ecd19a4a4a2c1723bb38b498fa21fe55e3b6dfeb0d7afea07163707fe99b7f2af20b5fbe6b3a8694cb93fdda7f86067c4965ff005d3fa1a8e7fbb53785467c4967fef1fe46a23b972d8f57cd266928adec617173466928a02e2d78deac73aade1ffa6cff00fa11af63af1bd48e751ba3ff004d5ff99a99150dcad45145666a254ebf74543532f41498d0b5d8e8e01d2e0e7240cff3ae3abb0d2be5d3edb03394a70dc999749dcc58938c6338a3854200041f43838a45c73c86cf18a5fdd004286c0ea475ad0cc18f63b883fa558d281fed28411c07e2ab71807396faf5ab9a38cea51739c9ebe9ed401d59f4ab361feb8fd2ab1356b4ff00f5c7e944b608ee6851494b591b05252d25002d1451400514525002d14514005145140051451400514514005145140051451400514514005145140051451400514514005145140051451400514514005252d14005145140051451400578b7c5339f16cbed127f2af69af14f8a073e2e9fda34fe5401c951451400538ffab1f5a6d38fdc1f5a622d59f515764fbb54ecfa8ab92fdda828a4ff007c534f534adfeb07d690f5a7d05d44a28a290c2969296803d77e130ff8a6e6ff00af86ff00d056bb5ae33e140ff8a6a4ff00af86fe42bb3a620a28a2800a28a2800a28a2800a28a2800a28a2800a28a2800a28a2800a28a2800a28a2800a28a2800a28a2800a28a2800a28a2800a28a2800a28a2800a28a2800a28a2800a28a2800a28a2800a28a28032f51ff8f83fee8ae7bc479fb3458c9f9ffa5743a8ff00c7c1fa0ac0f110ff00478b1fdeebf856cb6317b9cfa8240da5b9e0126932090093effce84c2a160d819e476348f80a4479d833839fbb81400e700280df779c01d41acbf11edfec693071d0fd79ad472aaaacc39cf5c74fcbeb599e236ff894dc7539230739ee293d86b7389ab16ff70fd6abd58b7fb87eb591a92d145140057abe8fff00209b3ffae29fc8579457abe91ff20ab3ff00ae4bfc85694ccea16cd252d25686414b45140105ff00fc78dc7fd736fe55e316dfeb2bd9b51ff907dcff00d726fe55e336dfeb2a2a1a53dcd67ff575da7807fe41537fd763fc85716ffeac5769e02ff9054dff005d8ff21510dcb9ec74d451456a6414b4945002e68cd251400b9a2928a005a4a28a041451450021a2968a6036968c5140ac1452d14009452d250160a4a5a280b09453b1450161b453b14628b8586d14ec518a02c3696971494005145140051452d002514b45016128a5a280b098a314ea3148761b8a5c52e297145c2c371453b14b8a2e3b0da29d8a3140586e29714b4b45c2c3714b8a5a295c760028a5a2800a2968a0028a5a5c5218da5a28a6014514520168a4a5a0028a28a0414b494a2818514a296801b4b8a5a38a004c525389a6d001451494085a29292801d45369698051494502168a28a0028a28a0028a28a0028a28a00ab452515440b45251400b45251400b45251400b9a334945002e69734da2801d9a4cd2514015f5338d36e8ff00d326fe55e4b69f7ebd5f5738d2af3feb93ff002af28b4fbf59d436a45ab8fbb53f84b9f125a7d4ff00e826abdc7ddab3e0fe7c4b6bff0002ff00d04d44772e7b1ea5451495b9ce2d1494b4001af1abe39beb83eb237f3af643d2bc66ece6ea63fedb7f3a99974c8a929692b3350a9c7415054e3a0a4c685aec34c1ff0012fb61df60cd71f5d969c40d3edb18c6c191f85381332d6085c7539e691c15dd91924f3c678a76707952463eb498273e9ef5a19822f23392abc8e3a55dd139d4233963c9209fa551524961b4e00e957745e752887cadb73ce318e2803abf622ad69e3f7adf4aabc77ab5a7ff00ad6ff76896c11dcbf4b451591b051494b4005145140051451400514514005252d140051451400514514005145140051451400514514005145140051451400514514005145140051451400514514005145140051451400514514005788fc4d3ff001585d7b227fe822bdbabc3fe259ff8ac6f3e89ff00a08a00e5e8a28a0029c7ee0fad369c7ee0fad3116ecfa8ab72fddaa967d455b97eefe1505149bfd60fad37bd39bfd60fad369f41750a28a290c28a28a00f62f855ff0022c1f79dff0090aec6b8ff0085831e165f799ffa57614c41451450014514500145145001451450014514500145145001451450014514500145145001451450014514500145145001451450014514500145145001451450014514500145145001451450014514500656a3ff001f27e82b03c4641b58c13dc9c7e15bfa89ff00493f415cf788d4b5b45b7aeefe95b2d8c5ee6063615c1254f427008a7237cf8240c67231da9ab807a601fc7f2a187ddc700500287c9c3100649c81fceb2bc4847f654a00e3e5e71ef5adb770de08039ed9e7deb2bc4acc74a9b69cafcbbb07a72293d86b738aab36ff0070fd6abd58b7fb87eb591a92d145140057abe93ff20bb4ff00ae4bfcabca2bd5f4be34db5ffae4bfcab4a66750b7452668ad0c85a2928a008352ff009075d7fd726fe46bc6adbfd657b1ea87fe25b77ff5c9bf91af1cb6fbf59cf634a66abffabaed3c07ff0020997feba9fe42b8b7ff00575da7813fe41127fd753fc854c372e7b1d2d149456a622d14945002d1494b4005145140051451400b466928a02e2d14945002d1494503168a29680128a5a280128a5a28012968a2800a28a2800a2928a0414514500145145001451462800a5a00a5a07612971451482c14b494b40c28a28a002968a2800a28a5a43128a28a620a28a280168a4a2801696928a007668cd368a43168a28a0414b4945002d1494b40051451400a294520a70a062d06933484d200a33499a4a602e68a4a2810b499a29280168a4a29885a2928a005a2928a005a28a2800cd1494b4005145140052d251401528a28ab2028a28a402d14945002d14945002d25145002d25145002d149450053d68e348bdff00ae2dfcabcaad3ef57a9eba71a35e9ffa62dfcabcb2cfef56750d69166e3eed5bf068cf892dbe8dff00a09aa971d2ae78287fc54707fbadfcaa21b9a4f63d3a8a4cd2d6e7385145140087a1af189f99e43fed1fe75eceff0074fd2bc5e4e647fa9a899a4065145150681538e95054e3a526342d769a71074fb70a0e44633c7b57175da69e196c60c8e3cb041cd3813327709b073c6ee39ef4e2bf30c1c1f5c75a68e403b78c633de9d26e200c83d725bf515a19872c46d279e7e957b47046a5101d39cfbf06a96fc2a8030b8c1abba181fda098c6467f95007506ade9df7dbe955055bd3befbfd2896c11dcbd4b494b591b05145140094b45140051494b40051451400514514005145140051451400514514005145140051494b4005145140051451400514514005145140051451400514514005145140051451400514514005786fc4939f18df7fc03ff004015ee55e19f118e7c63a87d53ff00401401cd51451400538fdc5fad369c7ee2d3132dd9f6ab72fddaa967d455b97eed414523feb05369cdfeb053698828a28a430a28a2981ecbf0b87fc5291ffd757fe75d75727f0c063c270fbc8ffcebaca041451450014514500145145001451450014514500145145001451450014514500145145001451450014514500145145001451450014514500145145001451450014514500145145001451450014514500656a3ff001f3f8573be23c79116efbbb8ff002ae8750ff8fa3f415cf788d8886003182d83f4ad96c62f730cb1dbd8b024919ed4d25b6fca7f3e7341452849c1618ebe94bb3a1efe98cd000ea2403d7191d6b33c4b81a338000c15fe75a38cc8369552060719c566789483a3ca73d48c7bf349ec35b9c5d59b7fb87eb55aacdbfdc3f5ac8d4968a28a002bd5b4cff9075aff00d725fe55e535eafa77fc83edbfeb92ff002ad2999d42c514515a190b466928a00adaa9ff00895ddffd726fe46bc7ad7efd7b06afff0020abcffae2ff00c8d78fdafdfa8a8694cd57ff00575da7813fe41127fd753fc8571527fabaed7c0bff002077ff00aea7f90a886e5d4d8e928a4a2b531168a4a280168a4a280168a4a280168a28a0028a28a00296928a062d1494502168cd25140c7668cd369680173466928a005cd14945002d14945002d1494b40051452d201314b8a3345002e28a28a0614b4668a06251451400b45251400b45251400b45145210668cd145030a28a298828a2968012969296800a28a2900b45251400b4514500145145002d28a6d140c7d14dcd2e6818b4b4dcd19a005cd2668cd25020a2928a042d1494668016928a2980b452514082969296800a28a5a004a2968c5001452d2500145145001451450054a4a5c518ab22c2514b8a31482c14518a31405828a31462800a28a28185251450216928a28033fc4071a25effd726fe55e5f67f7abd3bc4871a15eff00d7335e6567f7ab3a86d48b171d2af782467c451fb237f2aa173d2b43c0c33e205ffae6d510dcb9ec7a4d2e69b456e730ea293345031243fbb6fa1af177fbc7eb5ecd31c4321ff64d78c9ea6a26690128a28a8340a9c54153d26342d7676673670ab74daa7ae3b57175db5af16b0904fdc1c0fa5381332c677b9eb9e948785c8009a4de075c6e51818ee69aae848cf27a568663fa824ae57d3357b4238d454678209fd2a896070a09ebd076ad1d0c0fb7c67383b1b8f6a00e96ae69df79fe954faf5abba6f57fc2896c11dcbb4b451591b05252d140051451400514525002d145140051451400514525002d145140051451400514525002d145140051451400514514005145140051451400514514005145140051451400514514005145140057857c4339f18ea3fef2ff00e80b5eeb5e11f104e7c61a97fbebff00a08a00e7a8a28a0029c7ee2d369c7eead3132e59f6ab52fddaab675665fbb50514cffac14da53feb29298828a28a430a28a2803da7e197fc8a36ff00efbffe846baaae5be19ffc8a16bfefbffe846ba9a620a28a2800a28a2800a28a2800a28a2800a28a2800a28a2800a28a2800a28a2800a28a2800a28a2800a28a2800a28a2800a28a2800a28a2800a28a2800a28a2800a28a2800a28a2800a28a2800a28a28032750ff008f96fa0ae7bc4833143e9939fcaba0d40ffa537d05739e246216df6f5cb71db15b2d8c5ee606e0adf3671d0f152e577052583e3200a648c99519279e8077a7b3291d783d3da80125e8777438ff00809cd66789b6ff0064480740571f5cd689c90c59b72919e7f4acaf127fc825c01c6578cf439a4f61adce3aacdbfdcfc6ab559b7ff57f8d646a494b494b40057ac69fff001e16dff5cd7f95793d7abd8ffc795bff00d735fe55a5332a9d0b145252568662d28a6d28a00abac7fc826f3feb8bff00235e416bf7ebd7b593ff00128bdffae2ff00c8d790dafdf159d434a66a49feaebb5f037fc81dbfeba9fe42b8a93fd5d76be07ff90337fd753fc854d3dcba9b1d15149456c622d1494b480296928a005a29296800a28a2800a2928a005a29296800a2968a004a5a28a0614b4945002d1494b48028a2969809452e28a004a5a28a40145145030a5a4a5a00296928a005a2929690c28a292980b45251400b45252d0014b494520168a4a5a0028a4a5a005a2928a042d25145030a28a280168a4a2810b4b4da5a005a4a28a005a2928a005a2928cd002d19a4cd1400b9a29b466980ea4a4a280168a4a2810b45252d0014b4945002d1494b400b4b4d14b40c5a2928a007525252d00145145001451450056a29d8a4a771584c518a5a28b8584c5253a8a02c368a5a4a002928a298ac1494b4502b09494ea314058c9f139c6837bfee579ad9f5af4af15f1e1fbcff00747f315e6d67d6b3a86b4c9ae7a56978147fc4f8fb44dfd2b32e7a56af804675d7ff00ae4dfcc54c372e7b1e874b4b8a315b1cf60a28a28023b938b797fdd3fcabc66bd92f78b39cff00b0dfcabc6ea266900a28a2a0d02a7a8054f498d0576d6f936f1019fb808247b57135dd467f7483396daa368181d29c0998a543382074fc29cdfc41b18e71cd0ed920bed0a07e7480e3e4079f5cf7ad0cc5242aee0bd00e4ff4ad0d0306fc64eee091ed59a858e59f2c7a70dd2b4bc3b937dc1c8119e7d79a019d355dd3babfe154aaee9bd24fc2896c38ee5ea29296b2350a2928a005a4a296800a28a2800a4a5a28012968a2800a28a2800a28a2800a28a4a005a28a2800a28a2800a28a2800a28a2800a28a2800a28a2800a28a2800a28a2800a4a5a2800a28a2800a28a2800af06f1f1cf8bf53ff00ae83ff004115ef35e0be3b39f176a7ff005d7fa0a00c1a28a280129cdf7569295beead022ed9f6ab3374aad675666e9525148ffaca4a53feb29298828a28a430a28a2803dafe1a8ff8a42d3fde7ffd0cd7515ccfc37ff913ecbeafff00a19ae9a98828a28a0028a28a0028a28a0028a28a0028a28a0028a28a0028a28a0028a28a0028a28a0028a28a0028a28a0028a28a0028a28a0028a28a0028a28a0028a28a0028a28a0028a28a0028a28a0028a28a00c8d43fe3e9bd302b9df1291e540304f27a75ae8aff00fe3e9ff0ae73c4a7090753c9e98f6ad96c62f73111b3bb9c6783bfb52a9500a8e83bf7ed405272186727a9ff00eb50a4ef3b739c74a006eee7230029c05ff3ef593e240aba4b82417c8fe75af211f781e300e3af39acbf142ffc4a1d813f7978078eb49ec35b9c5d59b7ff0057f8d56ab36ffeaff1ac8d49296928a005af56b23fe8707fd735fe55e535ea9687fd161ff707f2ad699955e858cd14ccd2e6b4321d9a01a6d1401575a3ff00128bdffae2ff00c8d7925afdf15eb3ad1ff893deff00d717fe55e4d69f7c56550d691a927dcaed7c11ff002063ff005d1bfa571527dc15daf82bfe40dff6d1bfa52a7b955363a0a29296b531168a28a43168a28a0028a28a0028a28a00292969280169452528a0070146294514862628c53a8a063714b8a5a280b098a314b450212968a2800a4a5a4a062d25145002d14514005145140051451486145145001451494c05a2928a042d1494b400b452514805cd1494503168a4a280168a4a5a0028a28a0028a4a29885cd19a4a280173466928a007668a6d2d002d19a4a2800cd14945002d1494502168a4a5a00296928a0614b494b40828a28a005a2929681851451400b4514520168a28a005a29296800a28a280168a4a5a008292928cd318b4945250216928a2800a434514c4145149400b4628a2800a5a4a290cc7f17f1e1dbcfa0fe62bcdecfad7a378c4ffc53b75ff01ffd08579cd9d44cd204b73d2b5fe1f0ceb72ffd713fcc563dcf4adaf8783fe2733ffd713fcc54c771cb63d0f1462968c56a656131498a75250162b6a3c585c9ff00a66dfcabc72bd8b5538d32ecff00d326fe46bc76948a885145150580eb53d403a8a9e931a0aeea301a2562d9c80067e95c28eb5ddc78110c823a1c0ea2aa04cc539505b68e38fc68242a9c8dbc0a4c02c0b13cfa0ef463e6248c2e782455998e6257e6e549383c569f87702f8af39f2cff003acbda4331c839e47615abe1dcfdba4c9e76719fc2803a315774ee8ff8552238abda7f47fc294b61c772dd14b45666a1451450014514500145145001451450014514500145145001451450014514500145149400b451450014514500145145001451450014514500145145001451450014514500145145001451450015e05e3739f166a7ff005d8ff215efb5e01e3339f156a9ff005dda8031a8a4a2800a73745a6d39ba2fd2988bb695666e955ed2a79ba5414533f7e9297f8e9298828a28a430a29296803dbbe1cf1e0fb1ff0081ff00e866ba5ae73e1d8c7842c3e8ff00fa19ae8e98828a28a0028a28a0028a28a0028a28a0028a28a0028a28a0028a28a0028a28a0028a28a0028a28a0028a28a0028a28a0028a28a0028a28a0028a28a0028a28a0028a28a0028a28a0028a28a0028a28a00c8bff00f8fa7e9dbf95737e263858320f52063f0ae8f50ff8f97fc2b03c42a1843dfef715b2d8c5ee609fba3702c8067201cd20fbfbb0d9e981c669c312065c9049cd0400307e9b88eb400300a38c71ce0fa563f8a703493b4ae19c1e3bff009cd6c6d721b0074e38e2b1fc5381a591b8677af1ed49ec35b9c7559b7ff57f8d56ab307fabac8d4928a28a005af54b5ff8f68bfdc1fcabcaebd52dbfe3de2ff747f2ad69f532abd092969296b4320a5a4a5a00a3ae7fc81ef7feb8b7f2af28b4fbe2bd5f5d1ff125beff00ae2dfcabca2d3ef8acaa1ad23524fb95dbf8247fc4947fd746ae1e4fb95dd78207fc4907fd746a986e5d4d8df0b4a169452d68656136d18a7514ae3b0dc52629d4530198a29d486810da29d8a314c06e28a7628c5201b4e145028016969296800a28a2818b466928a0028a29280168a4a2810b45251400b4525140c5a28a2800a28a280168a4a290c28a28a60145145020a28a28012968a2800a2929680168a4a5a430a28a2800a28a4a005a2928a005a28a4a042d1494530168a4a280168a4a5a0028a4a5a0028a28a0028a28a002969296800a28a290052d252d00145145002d145140052d252d00145145002d145140051451400b45251400b451450057a4a5a298094514b4009452d14009494b45002514b45002514b45002514b45006178d38f0edcfd57ff4215e77675e87e3738f0f4ffef2ff003af3db2ace66901f73d2b73e1d8ff89b5c1ffa63fd45615cf7adff008743fe265747fe997f5a50dc72d8f40a2929456a6614514b4014b5838d26f4ff00d317fe46bc7abd835c38d1afbfeb8bff00235e3f5322a214514549403a8a9ea01d454f52c6851f7857721940e373291c0ae1979603debbb51b140201c60f3cd5c0998bc81b4ae091e949e66e673d3a038ed4e6c3303d3b1228007f0f03a6dab331ac401f77a91835ade1a5ff004c918edcec2091f51591ca6d0e428f4fe75b5e1c03ed32118fb9c7d33401d077abda7fdd7fad51eb57b4ff00b8ff005a52d8a8ee5ba4a5a2b334128a5a280128a5a2800a28a2800a28a2800a29296800a28a2800a28a2800a28a2800a28a2800a29296800a28a2800a4a5a2800a28a2800a28a2800a28a2800a29296800a28a2800a28a2800a28a2800af9fbc6073e28d53febe1bf9d7d035f3e78b0e7c4daa7fd7c3ff3a00c9a28a2800a73745fa5369cdd17e94c45eb4a9e6e9505a54f374a828a7fc74947f1d14c425145148614b4945007b97c3e18f0869ffeeb7fe846ba2ae7fc0231e11d3bfdc3ff00a11ae8298828a28a0028a28a0028a28a0028a28a0028a28a0028a28a0028a28a0028a28a0028a28a0028a28a0028a28a0028a28a0028a28a0028a28a0028a28a0028a28a0028a28a0028a28a0028a28a0028a28a00c7bfff008fa7fc3f9573fe2220791ff02ae82fbfe3e9fea3f9573be24e910232b86ce7f0ad96c62f730ce4329c10a38c9e69fb8070b8ddea73d298410801e4f5effe453902ee6539c1e4e0f5a00493323f2c1813ebc56478a4ab6959039debcfad6baf551b405c67158fe2ac1d33e8e3afe349ec35b9c7d5983fd5d56ab307fab1591a925145140057abdb8fdc47fee8fe55e523ad7acc03f731ff00ba3f95694ccaa740a314fc518ad2e6761b8a5029d8a314058a1af7fc812fbfeb8b7f2af26b4fbe2bd67c41ff00203beffae2dfcabc9ad3ef8ace66b4cd393ee0aef3c11ff2035ff7dab8397ee0aef3c13ff2024ff7dbf9d4c372a7b1be2969b9a335a198ea29b9a33405c5a29b9a334087514dcd19a007514dcd2e680168a6e68cd003a8a4cd19a005a2928a005a28a2818514945002d14945020a2928a005a2928a005a5a4a2818b45145002d14945002d1494520168a28a630a28a2900514514005145140051451400b45252d0014525140051451400514945002d14945310b45251400b45251400b451450014b451400514514005145140051451400b45252d0014b494520168a28a005a29296800a28a280168a4a5a0028a28a005a2928a062d14945002d14514088692968a602514b45030a28a280128a5a280128a5a280128a5a28012929d49408e7bc73c787a5f775fe75e7f67d2bbff001e1c680fef22d70367d2b399a405b9ef5d0fc3919bebc3ff004cc7f3ae7aebbd747f0dc7fa55e9ff00617f99a21b8e5b1ddd2d145686414514b40ccfd7ce344bff00fae2ff00cabc86bd73c4671a15ff00fd716fe55e475322a21451454940bd454f502fde153d4b1a1d1ffac5fa8aee97fbb83d7a8e735c2c4332a0ff0068577478c700e319c55c08980ced23db3c0edf5a48c1ce57e6f6f5a79da40600f1e951f1ced1e9f435640e18f9936e3dff00faf5afe18c99e43c7dce99e4735923e45c027279e95afe16ff005d31247ddfeb401d0fd6af69ff00eadbeb5471eb57ec3fd5b7d694b62a3b9668a5a2b3340a4a5a2800a29296800a28a2800a28a280128a5a2800a28a4a002969296800a4a5a2800a28a2800a28a2800a28a2800a28a2800a28a28012968a2800a28a2800a28a2800a28a28012968a2800a28a2800af9ebc5073e24d53febe64ffd08d7d0b5f3c7894e7c45a9ff00d7cc9ffa11a00cda28a2800a737f0fd29b4e6fe1fa5022f5a54f374a82d3a54d374a928a7fc668a3f88d25300a28a290051451401eede0518f09e9bff5cffa9adeac3f0471e14d33feb90fe75b94c4145145001451450014514500145145001451450014514500145145001451450014514500145145001451450014514500145145001451450014514500145145001451450014514500145145001451450063df7fc7cbfe15cdf8989060c670430381f4ae8efbfe3ea4fad73de23277c38c630d927f0ad96c62f73154825149e47523d29ac415c03839c1269bf30ce4afb76a90b84382b818e31fce801a808f3030208e47bd6378b014b100e7971c7a75ada0d85cae580e305b9158be2dc0d3d7ae4c8074e070693d86b7391ab307fab155aacc1feac5646a49451450028eb5eb50ff00a94ff7457928ea2bd6e2ff00549f415a40cea0fa28a5ab204c52e29734668033bc45ff00202beffae2dfcabc96cfef8af59f119ff890dfff00d716fe55e4f67f7c544cb81a52fdc15ddf82ff00e4051ffbedfceb8497ee0aeebc1bff002038ff00de6fe7530dcaa9b1bb9a3349456a622e68cd368a007519a6d1400ecd19a6d1400ecd19a6e68a007668cd368a007e68cd3296818ecd2e69945003f34669b4b400b9a5a6d14805a292969805145148028a28a0614b45140051451400b45251400b45149400b451452185145140828a28a602d14945218b45252d0014514500149451400668a4a28017345251400b4514500145145300a28a2810528a4a28016969b4b400b4525140051452d00145145020a28a5a0614514b48028a297140c28a5a280128a5a280128a5a280128a5a4a005a2928a005a29296800a5a4a5a00868a4a2988296928a005a29334500145145002d14945002d149450316928a2811cdf8fce341ff00b6abfd6b83b3e95dcfc403ff001244f7997f91ae1acfa567334805d77ae9be1b0fdfdf1ff653fad73375deba7f86c3e7bf3ec9fd6886e39ec77345252d686414514503333c4c71a05f7fd7235e4b5eb1e2938f0fdf7fd73af27a991510a28a4a92872fde153542bf7854d52c687c0333c60f761fcebba56f94a6385f515c35a8cdcc20f771fcebb9e4b12c40d9deae044c613e8b9c73923f95382ae095ce09c6334a18ed5046dc83c1f5a1c30e7201cf249cd59001932a4f0739ad9f0d2817170dc6768e9f5358ac091f291cf2723b56df868379b70580e8bd3f1a00deabf61fea8fd6a855fb01fb93f5a996c54772d51494541a0b45251400b49452d001494b45001494b4940052d252d00145149400b45149400b4514500149452d00145145001494b450014514500145145001451450014514500145145001494b4500252d14500252d1450015f3bf888e75fd48ff00d3cc9ffa11afa22be75d7ce75dd44ffd3cc9ff00a11a00a1451450014e6fe1fa5369cdd57e94c45eb4e9534d515a74a966a828a7fc469297f88fd29298828a28a430a28a2803debc17c78574cffae22b6ab1bc1c31e16d2ffeb82ff2ad9a620a28a2800a28a2800a28a2800a28a2800a28a2800a28a2800a28a2800a28a2800a28a2800a28a2800a28a2800a28a2800a28a2800a28a2800a28a2800a28a2800a28a2800a28a2800a28a2800a28a28031ef3fe3e9cfbd735e23059e04e70558f1dfa715d25eff00c7d3fd6b9cf1193be10a0e704d6cb6317b98f1eec804000e7a7ad35b91bf048c75078ce6a41b5dc0f99873820f2690020633b5471b47ad0031b0338c633d2b1bc57c69884f24baf4c71c1ada50182ef4009f4fad6278b589d3d064edf3475f60693d86b7392ab307fab155aacc3feac5646a4945145002afde15eb71ff00ab5fa0af245fbc3eb5eb51ff00ab5fa569033a83f34525156662e68cd2514019de243ff122beff00ae4dfcabca6cfef8af55f12ffc806fbfeb91af2bb3fbe2a26694cd297ee0aeebc1dff2038bfde6fe75c2cbf705775e0fff00901c5fef37f3a986e554d8dba29296b5310a28a2800a28a2800a28a2800a28a2800a28a2800a5a28a002968a281852d14b4804a2968a004a28a2800a28a2818b45251400b4b494b4005145140c2968a2900514b45002514b4940051451400514528a00314b45140c28a29734009452e69334861494b494c418a3145140098a2968a04252529a4a0028a28a60145145020a28a280168a4a5a002969296800a5a4a2900b451450014b494b40052d252d030a5a28a005a28a281851451484145145300a28a280128a28a0028a28a005a292968020a2928a648b45251400b4525140c5a29296800a29296800a29296800a28a280397f8847fe24d17fd761fc8d71169f76bb5f8867fe25107fd761fc8d71569f76b399a43612ebbd755f0dba5f9ff73fad72b75debabf86e3f777c7dd3fad10dc73d8ed68a4a2b432168a4a280327c5871e1ebdff707f315e555ea7e2f38f0ede7d07fe842bcaea645c428a28a928727de1535429f7854d52c689acc66f201fedaff003aed71d7eeb7e1ed5c4d99c5dc1dbe71fcebb63f3280dc63d38cd5c0898bd597b7400e3a501b1c7500e3a5390b49f30e71ebdb14922960092071e9d2ac81bbb3c7dd38ed5bde1a1f35c1ec001fceb0c2aeec1c1f7adcf0ce33718391f2e3f5a00ddabf63fea4fd6b3eb42c7fd47e3532d8a8ee58a5a292a0d05a2929680129692968012968a2800a28a4a005a4a5a28012968a28012968a28012968a2800a29296800a28a2800a28a2800a28a2800a28a2800a4a5a2800a28a2800a28a2800a28a2800a28a2800a28a2800af9cf5c39d6afcff00d3c49ffa11afa2cd7ce7ac1ceaf7c7fe9bbffe8468029d1451400539bef2fd05369cdf787d053117ed3a54b354569d2a59ea0a29ff0011a4a51f78fd2929b1051451486145145007bef843fe457d2ffebdd3f956bd64f84c63c33a5ffd7ba7f2ad6a620a28a2800a28a2800a28a2800a28a2800a28a2800a28a2800a28a2800a28a2800a28a2800a28a2800a28a2800a28a2800a28a2800a28a2800a28a2800a28a2800a28a2800a28a2800a28a2800a28a280316f33f6a93eb5cdf88cfefa019c641c7b1cd74977ff001f527d6b9af12151243bd411b4f6e056cb6317b99728c670467b0ce39a1959994230c7514d40a32c1485edef4a8410090a011f8fe1400d2f9381c1cf5158fe2e62fa62139e250391d7835b0e00c151824f4e79ac6f16b31d32304281e6f6fa1a4f61adce46acc1feac556ab30ffab1591a9251494500393ef0fad7aca7dc5fa579327df5fad7aca7dc1f4ad2999d41d4514568661451450066f89bfe4017dff5c8d79659fdf15ea5e27ff9005f7fd7335e5b67f7c567334a668cbf72bbbf087fc80a1fab7f3ae125fb95ddf843fe40507d5bf99a986e3a9b1b5451456a6414b4945002d1451400514514005145140051451400528a4a2818ea5a6d2e6900b45145002d1494503168a4a2800a28a2800a5a4a2801696928a43168a28a005a28a4a007514dcd19a007514dcd2e680168a4cd19a005a293346680168a4cd19a062d19a4cd266801d9a29b9a33400ea29b9a33400ea29b45003a8a4cd19a0414519a4a0028a28a0028a4a280168a28a620a5a4a5a4014b4945002d145140052d252d00145145031694520a5a005a29296818b452514805a2928a005a2928a620a28a2800a28a2800a28a280168a4a28021a4a5a29884a2968a004a5a28a0028a28a0028a28a0028a28a0028a28a00e4fe227fc82edff00ebaff435c6da7ddaec3e229ff8975aff00d75fe95c7da7ddace7b9a4361975debaef86e3fd1ef4ff00b6bfc8d72375debb0f8703fd0ef0ff00d341fca886e39ec7614514b5a1909452d140189e3238f0e5dffc07ff004215e5d5ea1e35e3c3973f55ff00d085797d448b88945145228727de152d449f7854b52c68b161ff001fd6ff00ef8fe75da8e0aaf55cf51deb8bd346750b71fed8fe75daae0640edd322ae1b11315570b9e98f4eb4a32dc903d3934c04ec43efd318a1880c18ae41e8455900cc01041386c823d6b77c31f7673c73b79fceb0cf04614601c1adef0d3064b823fbc28036ab42c7fd47e3542b42cbfd40fa9a996c547727a28a2a0d05a2928a005a28a280128a5a28012968a2800a28a2800a28a2800a28a4a005a28a2800a29296800a29296800a28a4a005a4a5a2800a28a2800a28a2800a28a2800a28a2800a28a2800a28a28012968a28010f435f38ea873a9dd9f599fff004235f471e86be6fd44e6fee4facadfccd0057a28a2800a71fbc3e829b4e6fbc3e828117ed3a5493d4769d2a49ea4a2a0fbc7e9494a3ef1a4a620a28a290c28a28a00fa03c2bc786f4bff00af68ff00f4115a9599e18e3c39a67fd7b47ffa08ad3a620a28a2800a28a2800a28a2800a28a2800a28a2800a28a2800a28a2800a28a2800a28a2800a28a2800a28a2800a28a2800a28a2800a28a2800a28a2800a28a2800a28a2800a28a2800a28a2800a28a280316ec7fa4c847ad73be23cf9b105201da7a8ebcd745779fb4c9f5ae6fc42c44c98ce7671f9d6cb631ea6539da9975e9d78ed4c38dcab81cf423d3d29b921b6b060bd3383f95484e586582802801176e36f1c1c9cff002ac4f1763fb3e3c03feb47f235b9b49914aa939f5fd2b0fc601bec10e4f1e6631f81a4f61adce46ad43feac555ab50ff00ab1591a8fa5a4a5a00747feb17ea2bd617ee8fa5793c5feb13ea2bd617ee8ad6999d41d45252d5998514525006678a3fe45fbeff00ae75e5d67f7c57a7f8abfe45fbdff73fad79859fdf159ccd299a32fdc15de7847fe40507d5bf99ae0e5fb82bbcf097fc80a0fab7f33530dc75363668a4a2b532168a28a00296928a0028a28a00296928a005a2928a005a28a28180a5a4a5a005a28a2900b4525140c5a2928a005a2928a005a29296800a5a4a5a43168a4a5a0028a292800a28a2800a28a2800a28a280168a4a5a0028a2928016928a2818514514005145140828a28a002969296800a4a28a0028a28a0028a28a002969296988296928a005a28a280168a4a5a4014b494b40c052d252d002d1494b4005145148614514500145145300a5a4a281051451400b45251400b45145001451450043451494c42d1494b40051451400514946680168a4a280168a4a2818b45251408e43e231ff0042b41ff4d0ff002ae4ad7eed757f118ffa3590ff006dbf90ae52d7ee5673dcd21b115d77aecfe1c8ff00897dd9ff00a6a3f9571975debb5f8743fe259727fe9aff0041443709ec75b452515a198b45252d0060f8dcff00c53971fef27fe842bcc2bd37c7271e1e9bddd7f9d7995448b8ec145145228727de152d449f7854b52c68b5a67fc842df1fdf1d6bb404642b16e7a61b9ae2f4be35083fde15d9000a1033903031c7eb570d889ee35796cf3b8720e7eed49bb3b4673cf7a59382474fc3ad349037e411db3fe156400273b776e19c0e3fad6f7864831dc6074619e7bd6096050ed381d87426ba0f0c8c5bca477239c633c5006c9f7ad1b2ff00503ea6b36b4acbfe3dd7ea6a65b151dcb149452d41a094b45250014b45250014b45140051494b400514514009452d250014b451400514525002d1451400514514005252d1400514514005145140094b45140051451400514514005145140094b4514005145140087ee9fa57cdb78737939f591bf9d7d22ff0074fd2be6cb939b894ffb67f9d0047451450014e3f787d05369c7ef8fa0a04685af4a74fde9b6bf769d3f7a928a83a9a281d4d14d8828a28a430a28a2803e82f0d8c787f4d1ff004ed1ff00e822b4ab3fc3c31a0e9c3fe9de3ffd04568531051451400514514005145140051451400514514005145140051451400514514005145140051451400514514005145140051451400514514005145140051451400514514005145140051451400514514018977ff1f327fbd5ce788066e6205801b33cfd6ba3bbff008f9909fef5735e24389e2f42b8ad96c63d4c92c4ba03f30ec7de95d4193cd19639e83fc29b183c08f2157a9ff1a71203866524e79c50007054aa64e0723bf4f5ac2f16208ec2318218c809cfd0d6f36720e38e80ff008d6178c73f6487a801f007af0693d86b7392ab50ff00ab1556ad43feac5646a3e8a28a007c3feb53fde15eb03ee8af2883fd7c7fef0fe75eb03a0ad20675028a28ad0cc28a29680327c57ff22f5eff00b9fd4579859fdf15e9de2cff00917af7fdcfea2bcc6cbef8ace6694cd197ee0aef3c27ff00202b7ff817f335c1cdf72bbdf09ffc80adbfe05fccd4c371d4d8d7a28a2b5320a5a4a280168a4a280168a4a280168a4a280168a4a5a00296928a063a8a4a5a005a28a2900b4525140c5a29334500145149400b45145002d2d251400b4b4945218b45252d0014628a2800a28a33400518a28cd0014519a5a004a2968a062514b45002518a296801b8a2969680128a28a04145145001494b494005145140051494b400514514c42d1494b400b45252d200a28a280168a4a2801696928a062d2d2528a005a28a290c28a28a0028a5a280128a5a4a620345145001451450014b4945002d1494b4010514945310668a28a0028a4a280168a4a2801734669292801d9a334da5cd002e68a4a28038df88c7f75643fda6fe95cbdb7dcae9be231e2c47bbff004ae6adbee5673dcd61b105d77aedfe1e7fc8267ffaec7f90ae22ebbd771f0f463479bfebb1fe42880a7b1d4e68a4a2b4331696928a00e7fc7871e1f7f7917f9d79a57a478f4ffc487eb2aff5af37a99171d828a28a928727dea96a28fef54b52c68b7a48dda8c03d5abb3e46dec3fc6b8dd1c13a9db81d777f4aec4af0bfcbfad5c36227b88c3cc7c8e7d49e31cd286f314ed2300f7a4fe1da573ce45390a05ee17d96ac81abb8151c01c83c74ae87c339fb3cc4f4df81f4c573c8abd4e5876279fc2ba2f0e63ecd2b282097e47e1401af8ad3b3ff008f75fc6b32b4ecff00e3dd2a65b151dc9e928a2a0d028a28a005a4a29680128a29680128a2968012969296800a29296800a28a2800a28a2800a4a5a2800a28a2800a29296800a29296800a28a2800a28a2800a28a2800a4a5a2800a4a5a2800a28a2800a28a4a0047fb8df435f354dfeb5ff00de35f4a4bc44ff00435f35c9cbb7d4d00368a28a0029c7ef8fc29b4e3f7c7e1408d0b5e94e9fbd36d7eed3a7ef525150756a281d5a8a6c4828a29290c5a2928a00fa1f4218d12c07a409ff00a08abd54f4618d22c87fd304ff00d0455ca620a28a2800a28a2800a28a2800a28a2800a28a2800a28a2800a28a2800a28a2800a28a2800a28a2800a28a2800a28a2800a28a2800a28a2800a28a2800a28a2800a28a2800a28a2800a28a2800a28a28030eeb9b8933fde35cdf88006b8453c7c99e9ef5d25cff00c7c49fef1ae6fc4249bb8bb8dbcfeb5b7431ea65a30d80607439e38a1d73b4f519e99eb4c71b39239ef9ee3be2946d0724900f71db3fad003d4ede0804f1581e3124da41c28f9fb1f6add184193f330cf3581e2e52b6709fef49d31edffeba4f61c77395ab517fab1556ad45fead6b2351f4514500496ffebe3ff787f3af581d057945b7fc7c45fef8fe75eae3a0ad2067505a28a2accc28a28a0663f8b7fe45dbdff747f315e6565f7c57a6f8bf8f0ede7fba3f98af32b2fbe2b399703426fb95df7853fe4056dff02ffd08d70337dd15dff857fe4056df8ff334a1b8ea6c6b514515a990514514005145140051451400514514005145140052d252d0014b4945031d45251400b45145001451450014514500145145218b45145002d14945002d2d25140c5a2928a402d14945002d14945002d28a6d1400fa2933466818b45266973400514525002d251466800a2933466810b45266933400b45251400514514c028a28a04145145002d1451400b9a2928a005a5a4a280168a4a5a402d1494b40052d252d031452d3696801696928a402d14945300a28a2800a28a4a005a4a28a00296928a005a292968020a4a28a620a28a2800a4a28a6014525140828cd251400b45251400ea2928a00e2fe229f9ac47b37f4ae72dbee5743f114fef6c87b37f4ae7adfee5653dcda1b15eeabbaf87fff002057ff00aec7f90ae16e6bbbf008c6867de56fe944053d8e9696928ad4cc5a2928a00e6fc7e71a22fbcabfc8d79d57a1fc403ff1268fde61fc8d79e544b72e3b0514515250e8fef54b5147f7aa5a96345ed106754807b9fe46bafe4e400783c73c9ae47435dda9c23a75fe46bae192011dbf5ab86c44f707c8f9b057dbf0a40f9ca9e9dfe943b16001fbc3dfb539183020b1c83dc55902cb90a31c1ea78adff0dffc79c8718f9ffa0ae786e0ae31c8e0715d1f87462c9f3fdf3fc85006a56ada7fc7ba56556ada7fc7ba7d2a64547725a28a2a0d029692968012968a280128a5a2801296928a005a4a296800a4a5a28012968a28012968a2800a28a2800a28a2800a28a2800a29296800a28a2800a28a2800a28a2800a28a2800a28a2800a28a2800a28a280239f8864ff74ff2af9adbef1fad7d2773ff001ef2ff00b87f957cd67a9a0028a28a0029c7fd65369c7fd651d04685afdda74fd0d36d7eed2cfd0d494551d5a8a07f1525362414b494521852d252d007d15a50c699683fe98a7f2156aabe9c31a7db0ffa64bfcaac5310d95fcb89dcf214135c0cbf13f4e8dd93ec3764a923aaff008d7757bff1e53ffd736fe55f365cf3712ffbe7f9d303d54fc52b1eda7dcffdf4b487e285b76d3a6ffbf82bc9aa703e51f4a00f4f3f1422fe1d35ff001947f8530fc501db4c3f8cbffd6af33a295c2c7a4b7c507fe1d317f197ff00ad51b7c4fb8fe1d3a2fc643fe15e7545170b1e84df13af3b58403eac6a33f137503d2ced87e2d5c0d145c2c7767e25ea9dad6d07e0dfe34c3f127573d21b41ff00013fe35c3d145c2c7687e23eb47a25a8ff00801ff1a637c44d70f46b71ff006ceb8ea28b858eb5be206bc7a4d08fa442987c7baf9ff97a41f4896b95a28b858ea478f35f1ff2f687eb12ff008548be3fd7c7fcb784fd6215c9539477a067d07e1bbb96ff0042b2bab820cd2c619881819ad2ac5f05ff00c8aba67fd7115b540828a28a0028a28a0028a28a0028a28a0028a28a0028a28a0028a28a0028a28a0028a28a0028a28a00c2b9ff008f8938e771ae6fc447fd322fbc3e5edf5ae96e4fefe5fa9ae6f5fcb5e46368e133927dcd6cb631ea66175d819d4601e4119ce3b52651f824f3c803b5072cec37123239a10856084f3fca8010120e33f374f63583e3220dbc38e9e61c7e55be490d80df41c573fe303fe8d083ff003d0f7f6a4f61c77395ab50ff00ab1556ad45fead6b2351f45145004b6bff001f50ff00be3f9d7ab0e95e5569ff001f50ff00bebfcebd4c1ad6065507e68a6e68cd5998ecd2d37346681991e303ff0014e5e7fba3f98af34b2fbe2bd2bc607fe29cbcfa0ffd08579ad97de1594cd6997e6fbb5e81e15ff9015afd0ff335e7f37ddaf41f0b7fc80ad7e87f99a50dc73d8d5a2968ad4c84a29d8a4c50025252d140828a28a00292968a004a5a5a4a0028a296818514b4500262968a2800a29692900514514c028a28a0028a4a5a4014b494b40c28a28a002968a2800a28a2800a28a2800a28a2800a28a2800a5a4a290c5a2928a005cd14945002d251450014514500145145300a28a2800a28a28105145140051452d001451450014514502168a4a5a0028a28a005a29294503168a4a5a402d1494b40c5a5a6d1400b45251400b45251400b45149400b4514500145145002d1494b4015a8a4cd1544dc5a334945002e69334945002d25145020a2928a602d14945160168a4a28b05ce23e219ff0049b31fecb7f315836ff72b73e211ff004db41fec1fe75876ff0072b19ee6d0d8af735de78138d087bc8d5c15cd77fe0718d023f776fe74e9ee2a9b1d0519a4a5ad0cae19a28a280398f8807fe2530ffd761fc8d79fd77df104ff00c4aedc7fd36fe86b81a896e6b0d828a28a928747f7aa5a8a3fbd52d4b1a3434100ea90e7b64fe95d5b0c37ccdcf4f6eb5cae81ff002138cfa027f4aeb0615464679c641ad21b113dc140504e3af0b49f7c609ce4f1d7d69ccc54150320fb638a4232a558e171c5510054e7208f51c574ba067ec6e4ff007cff00215cd8e0ae5781f2e3a5743e1fc0b0607fe7a1e280353f0ad6b5e2dd3e9591cfafbd6bdaff00c7bc7f4a99950dc968a296a0d04a5a4a5a004a2968a004a28a28016929692800a2969280168a4a5a0028a28a0028a28a002928a5a0028a28a0028a292800a5a28a0028a28a0028a28a0028a28a0028a28a0028a28a0028a28a0028a28a0086f0e2d273fec37f2af9b0d7d237e716371ff5cdbf957cdd400514945002d38ffaca6d38ff00ac3408d0b5fbb4b3f7a2dbeed13f7a928aa3f8a92947f15253624145145218514528eb401f46d88ff42b71ff004cd7f954f515a716b0ff00b83f954b4c457bfe2c6e3d3cb6fe55f364ff00ebe4e9f78f4fad7d25a963fb3aeb3d3ca6cfe55f36cd8f39f1d371c5310cab0bf74557ab03ee8fa50310903a9c534ba8eacbf9d65ebfff002c7f1fe959154a175725cac752668c75913f3a437108eb2a7fdf42b96a29fb31739d39bab71d668ffefaa69bdb61ff002d93f3ae6a8a3d9a0e73a4fb7db0ff0096a3f5a43a8da8ff00969fa1ae768a7ecd073b3a03a9db0fe33ff7c9a43aa5b7ab1fc2b028a3910b9d9ba75683d1ff002a69d5e1ec927e9589453e441ceceaa19049b48046466a7aa967f763ff00747f2ab758b3447bcf82ff00e455d33feb88adaac5f05ffc8aba67fd7115b5400514514005145140051451400514514005145140051451400514514005145140051451400514514018573ff1f127a6e35cdf883735ca8538c2038cf5e4d74971febe4ff78d733e20c7db57ef7fab1f4ea6b6e863d4ce0194e38e47349fc2191c06cf39ef4bb882a4f51e9e9405c332fcb9ce4e7e9400c2bbb3dd0f233dab0bc625becb6c188c6f271f856f161e69419031f8573fe316cc16c33dc9fd294b61c77397ab517fab1556ad45fead6b2351f45145004d67ff001f707fbebfcebd485796d97fc7e41ff5d17f9d7a8d6b4cc6a8b9a33494568663b34034945006478c4ffc53b77f45ff00d08579bd97de15e8de31ff009176ebfe03ff00a10af39b2fbc2b2a86d4cbf37ddaf41f0bff00c80ad7e87f99af3e9beed7a0f863fe4076bfee9fe6694372aa6c6b0a75301a515a190ea2928a4014945253016928a2800a5a4a28016928a280168a4a2801c28a4a5a005a28a290051451400945145300a28a2800a28a2800a5a4a2900b45145030a5a4a280168a28a0028a28a0028a28a0028a28a0028a4a5a0028a28a0028a28a430a28a2800a28a2800a28a298828a28a0028a28a0028a28a0028a28a005a28a2800a28a28105145140051451400b45252d03168a4a5a402d1494b40051451400b45252d001451450014b4945002d1494b4005145140052d251401568a28ab22e1451450170a2928a02e2d25145001451450014514500145251401c2fc403ff131b51ff4cffad62c1f72b63c7e7fe2696e3fe997f535910ffabac67b9bc362adcd7a0782463c3f0ffbcdfcebcfae6bd0fc17ff0022f5bfd5bf99a74f7154d8dca28a2b5310a28a280395f8847fe25d6c3fe9aff435c1d775f108ff00a0da8ffa687f9570b59cb73586c1451454963a3fbd52d471f5a92a58d1a1a09c6a719ce383cfe15d5b619c03927afe35cbf877fe424bd33b4f5aeaa3dc003c7209e315a436227b8846653839e3f2a50e010a00c2f24fa52a82a1b2074cd21233907381c83dbd05510212db8151c0efd6ba5d017163c919dc7a5734a8a194fa0cff009ed5d2e80dbb4e1fef1ef403347eb5b16dff001ef1fd2b1c7e75b16ffea13e8294ca81251452d6668251451400b4525140052d251400b494b4500145252d00252d14940051452d001451450014514500145252d00145145001451450014514500145145001451450014514500145149400b4514500145252d0055d4ce34dbb3ff4c9ff0091af9bebe8ed60e349bd3e90bffe826be71a0028a28a0029e7fd61fad329ff00f2d0fd68e82ea68db7dda49fbd2db7dda49fbd494561fc54940ef453624145145218528ea292957ef0fad007d216dff1ef10ff00647f2a929907fa98ff00dd14fa622aea871a6dd13d3ca6fe55f36cbfeb1fea6be91d5bfe417779e9e537f2af9ba4ff0058df534c436ac2f4155eac0e8290cc7d7fac3f8ff4ac8ad7d7fef43f43fd2b22b68ec672dc28a28aa2428a28a005a28a2800a28a2800a28a2803a6b3e91ffbb56eaa59fdd8ff00ddab75cecd91ef3e0bff0091574cff00ae22b6ab17c17ff22ae99ff5c456d50014514500145145001451450014514500145145001451450014514500145145001451450014514500615c1fdfc9f535cdebe49b91c8fb9c0f7e6ba39cfefe4ff78d735e2119bdc3f0a507b7393deb6e86266236dddc104f3eb9a36b763d7b524630092bc83c03d29c872c5b91919c8e71400991bb69049cf27938ae7bc623096e0f5048fd2ba2278c9cf3f4e715cdf8bb222b61db73707af6a52d871dce6aad45feac555ab517fab5fa5646a3e8a28a009ec7fe3f6dff00eba2ff003af50af30d3ffe3fedbfeba2ff00315ea15ad3d8c6aee252d1456866252d1450062f8cbfe45dbaff0080ff00e842bceacbef0af44f19ff00c8bb73ff0001ff00d08579dd97de1595436a65f9beed7a0f867fe4076bfee9fe66bcfa6e95e81e1bff009025a7fbbfd4d2a63a9b1ab4b9a652d68643b3466928a062e68a4a2800a28a281051451400514945003a8a4a2801d4a29a296818b4514520168a4a2800a28a2800a2929698051451400514514805a2929681851451400514514005145140051451400514514005145140052d252d001451450014514500145145200a28a298051451400514514005145140828a28a005a2928a005a2928a005a29296800a28a2800a5a4a2818b45145002d1494b4805a2928a005a2928a00751494b4005145140052d252d00145145001451450054a2928ab33168a29280168a28a061451450014514940051452d02128a5a2819c0f8f4ffc4de0ff00ae43f99ac987fd5d6a78f0ff00c4e62ffae43f99acb87fd5d613dcde1b152e6bd17c1c3fe29eb6ff00817fe846bceae7ad7a3784063c3d69f46ffd08d55326a6c6cd14515a99051451401c8fc433fe8b663fdb3fcab87aedbe221fdcd90ff69bf90ae26b396e6b0d828a28a92c7c5d4d4951c7d4d4952c68d3f0f02751180090a719ed5d4edc3640e0f0726b96f0f03f6e623b467fa5754980bf3633d08e2b486c673dc55196232c79e3b52053b9b2b9c9c8e2957e56e5bd383da95998b280a3af1f4aa24408085e4900f415d268431a7263d49ae6cb11b412081db3ed5d3689c69f1e724e4f3f8d00cbc71915b36ffea23ff7456375cd6cc1fea53fdd15332a049452515068145145002d2514b4009452d140094514b40094b494b4005252d25002d252d25002d1494b4005252d25001452d14009452d140051451400514514005145140094b4525002d14525002d252d14005145140094b451401475c38d16fcff00d307ff00d04d7ce75f457880e341d44ffd3bc9ff00a09af9da80128a28a0029fff002d0fd6994fff009687eb40ba9a36df76927a5b7fbb493f7a928aa3a1a281d0d14d805145148029d1fdf5fad369f1732a7fbc2803e908bfd527d053a9b1fdc5fa0a753114f583ff0012abcffae4dfcabe6e6fbc7eb5f486b471a45e13c81137f2af9b9ba9fad3105581d0557ab03a52198daffdf87e86b26b5b5fff00590fd0d64d6d1d8ce5b851451544851451400b494b450014514940051451401d3d9fdd8ffddab7552cfa47feed5bae766c8f78f05ffc8aba67fd7115b758be0bff0091574cff00ae22b6a800a28a2800a28a2800a28a2800a28a2800a28a2800a28a2800a28a2800a28a2800a28a2800a28a280306723cd93fde35ccf88182dee4e08d832b8fa8feb5d2cdccae7fda35cdebea45e6e006760009fad6dd0c4cc53bf3b3207be79a51c32f0474e01fca9e3a866396e82917009e36f1939cf5f6a006fcac492a48ce2b9cf17e0c76eca08cb367eb819ae8987ce07a925be95ce78c0612d7663612ddfbf14a5b0e3b9cd55a8ffd5afd2aad5a8ffd5afd2b2351f45252d0058d3bfe4216dff5d57f98af50af2fd37fe4236bff005d57f98af50ad69ec635770a28a2b4330a0514b40187e34ff9176e7eabff00a10af3bb2fbc2bd13c6bff0022edc7d57ff4215e7765f7856550da997a6fbb5e85e1cff9025a7fb9fd6bcf66e95e85e1dff9025a7fb94a9ee3a9b1a5451456a642d1494520168a4a5a0028a28a0028a28a0028a28a0029452528a005a2928a063a8a6d2d002d14945002d14945002d14945002d14945002d2d369680168a4a5a4014514503168a4a5a0028a28a0028a28a0028a4a280168a28a0028a28a005a28a2800a28a2800a28a2800a28a2800a28a2800a28a2800a28a281052d252d0014514500252d14500145145030a28a2800a28a281052d251400b4514500145145002d145140052d251400ea2929690c28a28a0028a28a602d14945202a51451566614514b40094b4514005145140c28a28a0028a28a0028a28a00f3df1d73ada7fd725fe66b362ff575a3e3939d747fd735feb59d1ffabac27b9d10d8a773d6bd27c2631e1fb3ff0074ff00335e6d73d6bd2fc2c31a0597fb9fd4d5d322a1ab4514568641451450071df113ee590f77fe95c55767f110ff00c788ff007ffa571959cb73586c1451454963e3ea6a4a8e2ea6a4a96346af86ff00e3fdbfeb99fe95d40dcd9c700f73ce6b98f0d301792673cc67b67b8ae9971b767dd3dab486c672dc1882eb8cb0fe239c52ae0a060083f5eb4d61d36920f720539b6ecebbbbe2a89139c13b7201ea46315d3e8bff0020f8f8e327a7d6b9a249c81c29273ed5d3e903361163dff9d00cbb9c0ad987fd4a7fba2b1875e6b6a2ff00549fee8a999501d4514541a0b49452d00252d251400b494b4500252d2514005145140052d149400b45149400b4945140051451400b45252d001494b49400b45252d0014514500145252d001451450014514500145149400b45252d001451450066f894e3c3da9ffd7b49ff00a09af9debe86f147fc8b7aa7fd7b49ff00a09af9e6800a28a28001d69fff002d0fd69a3ad387fac3f5a05d4d1b7fbb4d9fa53edfeed327e95251587434503a1a29b120a28a290c2a4b7199e31fed0fe751d4b6a337508ff6d7f9d007d1e9f757e94b48bf747d296988a1ae9c68d7a4f4f25bf957ce07a9afa3bc4048d0ef88ebe4b63f2af9c4f5a60156076aaf56074a4062ebff00eb62fa1acaad5d7bfd745fee9acaade3b194b70a28a298828a28a005a4a28a0028a28a002945251401d3d9fdd4ff0076add54b4e89feed5bae766c8f78f05ffc8aba67fd7115b7589e0bff0091574cff00ae22b6e800a28a2800a28a2800a28a2800a28a2800a28a2800a28a2800a28a2800a28a2800a28a2800a28a2803026ff5af8f535ce6b6c05f95e0fc809c0ae8e63fbc7fa9ae63c40b8bc66520108327bd6c62520a0bef53c80074a630042ee2c33e9d29d2328520b13ec0f5a696c007a607391d4e28003b49dc4e41c71dc1ed5cef8c48296b8e80b03c77e2ba32c011b98b72383ef5cd78c0922d813d0b003afa5296c38ee73756a3fb8bf4aab56a3fb8bf4ac8d4752d2514016b4cff009095affd755fe62bd3ebcc74bff9095a7fd755fe75e9f5ac3631a9b8945145599852d145006178dbfe45db8faaff00315e7b65f7857a178dff00e45e9ffde5fe75e7965f7856750da997a6e95e87e1eff902da7fb95e79374af43f0fff00c816d3feb98a54c750d1a28a2b5320a28a2800a28a2900b45252d001451450014514500145145002d1494b40051451400b45251400b45251400b45251400b4525140c5a2928a005cd1451400b9a334945003a8a4a5a4014b4945030a5a4a2800a28a280168a4a280168a28a0028a28a005a2928a005a28a2800a28a2800a28a2800a28a2800a28a280168a28a0028a28a0028a5a290051451400514514c04a2968a0425145140052d145001451450014b4945002d1451400b45252d0014514500145145002d1494b401528a28aa202969296800a28a5a062514b4500145145001451450014514647ad0079cf8d8ffc4fdbd916a827fababbe3320f8864c7655fe55493fd5d613dce886c53b8eb5e9be1918d06cbfeb98af31b8eb5e85a1ead616fa35a472dd46aeb180573c83574c8aa74149592de22d2d7fe5e81fa293fd2a26f146983a4aedf4435a191b74573efe2cd3c7459dbe8a3fc6a26f17da0fbb6f39fc87f5a00cff889feb2c47b3ff4ae3ab73c51aba6ad25b98e268c4608f98e739c7f8561d652dcda1b05145148a1f1f7a7d323ef4fa96346cf8614b5e4b8381e5f3c67b8ae987c8d85c81e98ae67c2ff00f1fb264e17cbe7f3ae90e4316e71d327d6b48ec672dc15b3cf7e99ed4f23247cdc91c6075a6332f40bc90718a5dc0890646e03af5aa2443855cb83d6ba7d22445d3a1f994707bfbd73033b4101979cf5ad7b2561671fcb8c7a7d4d0819b6654007cc3f3ade8bfd527d0571a39dd9391ee3a576517faa41ec2a66540751452d41a052514b40094b45140094b4945002d2514b40094b451400514945002d2514b400514514005252d140051494b4009452d140094b4525002d14514005145140051451400514525002d145140094b4514005145140193e2b38f0ceabff005ed27fe826be7bafa0fc5c71e17d57febd9ff957cf940051451400a3a8a70ff5869a3a8a72fdf340ba9a56ff0076993d3e0fbb51cf52515c7434503a1a29b120a28a290c2a7b119bdb71ff004d17f9d415674d19d46d47fd354fe62803e8b5e82969074a5a6233bc45c6877c7fe9937f2af9cbbd7d17e25ff9005fff00d726af9d29882ac0e955eac521989af7faf8bfddacbad3d7bfe3e23ff77fad6656d1d8ca5b8514515420a28a050014514500145145001451450074f69d13fddab7552d3a27fbb56ab9d9b23debc17ff22ae99ff5c456d562f82ffe455d33feb88adaa0028a28a0028a28a0028a28a0028a28a0028a28a0028a28a0028a28a0028a28a0028a28a0028a28a00e5e5bb5170eac08393ef9ac0d6250d7648cfdd03a8cd694eb9b8909c7de3dfa73591a87172c147000e73d2b7312b30dc7049500761fe79a08018b2a6e24fa74a446c2ae012083cfe74edee5830e17a1c52010e09dcc4003b5739e31dbb2d029c8f9bafe15d216c39083231d315cc78c0b136a5873f373ebd294b61c7739cab51fdc5fa555ab49f717e9591a8ea28a2802de95ff00213b4ffaeabfcebd3ebca23768a45743b5d4e41f435a2be20d4d7fe5e98fd541fe95ac0caa2d4f46a4ae013c4ba92f5951bea82a55f156a03aac0dff00013fe3566763bba05712be2eba1f7a084fd322a65f18483ef5a29fa3ff00f5a80b1a5e38ff00917a6ff797f9d79f597de15d17883c44351d2e4b7fb398c920eedd9e87e95ced97de1595435a65d9ba57a2787ffe40d67ff5cc579dcfd2bafd27c41a7dbe9d6f04d232ba2007e4268a63a874b4564a78874b6ff97a03eaa47f4a9975ad39ba5e43f8b62b5323428aa8ba95937ddbb80ffc0c54cb7303fdd9a33f4614012d148194f4607f1a5cd200a28a280168a4a5a0028a4a5a6014514500145145200a5a4a280168a4a5a0028a28a0028a28a0028a28a0028a28a0028a28a0028a28a005a5cd368a063a969b9a33400ea29b9a33400ea293345002d1494b480296928a005a2928a062d1494b4005145140052d252d0014514500145145001451450014b4514000a5a4a5a401451450014b494b400514514009452d2500145145310514514005145140051451400b45252d0014b4945002d14945002d14514005145140180de20d317add29fa293fd2a26f136983a4ce7e886bcfa92a89b1deb78af4f5e8266fa2ff00f5ea26f17d98fbb04e7f003fad70f450163b36f18c3fc16921fab0151378c8ff000d98fc64ff00eb57234500752fe31b83f76d621f5626a26f175f1fbb1403f027fad73745006fb78ab523d0c2bf44a85bc4baa37fcb703e882b1a8a00d46d7f536eb76ff8003fa544fabea0dd6f26fc1b15428a00b4da85e37deba9cffdb435135c4cdf7a590fd58d45450047212651939ababfeaea8bff00ad15797fd5d612dce88ec52b8eb4f4fba3e951dc75a917ee8aba64541696928ad0c828a28a008a6ea2a3a7cdf78532b296e6d1d828a292a4a248fbd4951c5de9f49948dbf0b9ff00499fdd3fad74448e3ccce73c573be160bf6898b0ce1471f8d74a3e727271cf43fcab48ec652dc61e38273efed40033d78cd39f85391b7d0839e69bcb7383ef835448bb786e08cf4e2b5ac9dbecd19e7047a563a9c6541da3dffa56d59802d63e4f4e829a064c4818048c6707d6bb18ff00d5afd0571c71b9783ef5d927dd5fa544ca80b4514b506825145140052d25140052d14940052d252d00251452d00252d25140051452d001494b450014514500145252d0014514500145145001494b4500252d1450014514500145251400b494b49400b45149400b45252d006378c4e3c2baaffd7bbff2af9fabdffc6a71e14d53feb835780500145145002af514e5fbe69abf787d69cbf7cd1d05d4d283eed473d4907dda8e7e952515c743f5a281d28a6c4828a28a430ab5a573aa598ffa6c9ffa10aab57346e757b11ff4dd3ff421401f448a2814531195e2938f0eea1ce3f747935f3b57d0fe2dff00916f50e87f747ad7cf14c41562abd58a4330f5eff8f98ffddfeb5995a5af7fc7d27fb9fd6b36b78ec652dc28a2929885a2929450014514500145145001451450074f69d13fddab7552d3a27fbb56eb9d9b23de3c17ff0022ae99ff005c456dd62782ff00e455d33feb88adba0028a28a0028a28a0028a28a0028a28a0028a28a0028a28a0028a28a0028a28a0028a28a0029296928038bb85fdf31ce41623f1cd646aa713e4311c60815ad30cdc3633c922b1ef90b5d939eb818c751fe735b989540073b5f0bd47f934f03bb60a93d3b0a3e6e06ec1cf6029ace1db2700fbd200df95da013c7245737e30c6eb5fef61b3ce7b8ae963dce36bfcbd7a9ae63c5c08fb28247f1741f4a52d8a8ee73d5693ee2fd2aad5b4fb8bf4ac8d05a28a2800a28a4ad20673168a4a2ac8168a4a28023b8ff005468b2fbc28b8ff5468b2fbc2b399a40bb3f4a81bad4f3f4a81bad101d4128a28ad0c828a28a0070761d188fa1a916eae17eecf2afd1cd4345005b5d4af97eeddcff00f7f0d4cbad6a4bd2f25fc4e6b3a8a00d65f116a8bff2f24fd557fc2a64f146a4bd648dbea82b0e8a00e857c597e3aa407fe027fc6a64f17dc8fbd6d09fa122b98a2803ac5f18bff159afe127ff005aa65f18c5fc768e3e8e0d71b450163b85f17d99fbd04e3f23fd6a54f15e9e7a8997eabffd7ae0a8a02c7a1af89b4c6eb332fd50d4a9e20d31ba5d28fa823fa579c52502b1e9cbac69cdd2f21fc5b152aea166ff0076ea03f4715e594b4058f5859e16fbb2a1fa30a78607b835e479a7ac8ebf75d87d0d30b1eb59a2bca96f2e57eedc4c3e8e6a55d52fd7eede4fff007d9a00f50a2bcd535cd497a5dc9f8e0d4abe23d4d7fe5e33f541fe1480f45a2b805f14ea4bd5a26faa54abe2dbe1f7a380ff00c04ff8d303baa2b8b5f185c0fbd6d11fa31152af8c4ff1598fc24ffeb50075f4572cbe3087f8ad641f4606a55f17599fbd0ce3f01fe3401d252d60278ab4e3d7ce5faa54abe25d31bfe5bb0faa1ff0a406d51596baf698dd2ed07d411532eafa7b74bc83f1714017a8aac97d68ff0072e613f47152acd1b7dd910fd0d01724a5a6ee07b8a5a005a2928a062d2d369680168a4a33400ea29b9a5cd002d14945003a8a4a2900ea2928a005a28a281852d251400b451450014b4945002d14514802969296800a28a2800a28a280128a5a4a60145145020a28a2800a28a280168a4a5a0028a28a0028a28a0028a28a005a29296803c668a28aa1051451400514514005145140051451400514514005252d1401137fad15787fabaa2dfeb455e1feaeb096e6f1d8a33fdea917a0a8e7eb520e82ae99150296928ad0cc296928a008a6fbd51d492fdefc299594b7358ec14514948a248fa1a7d323e869f52ca46ef85b6f9b71bbfba3fad740a4173c9ddd79fe7581e15fbf719c630bfd6ba044389082bce71935a4763296e2ba8d996c13da9307a06c924679a5e76ecc0c639ef9a00f95b96e0753d2a891ac30d8c6181fc2b66db3f668db38c807f1ac725b6b1c126b62d147d990670428fe54d0993e096c1c6ecf35d8afdd1f4ae3b9dc0027d88aec87415132e014514541a051451400b4945140051451400b49452d00252d252d0014514940052d14500145149400b49451400b494b45001494b4500145252d00145145001494b49400b494b49400b45145001494b45002514b45001494b45006178e0e3c25aa7fd7135e055ef7e3b38f08ea7ff5cbfa8af04a0028a28a0055fbc3eb4e4fbe69abf787d69c9f7e8e82ea6941f76a39ea487eed473d494571f768a07ddfc68a6c4828a29290c5abba18ff0089d587fd7c47ff00a10aa557f41e75cd3ffebe23ff00d085007d0d451453118de3038f0cea27fe991af9eabe84f1960786351dc703ca3cd7cf54c428eb562ab8eb56290cc2d77fe3e93fdcfeb59b5a3aeffc7daffb82b36b78ec652dc2968a4a62168a4a5a0028a28a0028a28a0028a28a00e9ed3a27fbb56aaada744ff76ad573b3647bcf82ff00e455d33feb88adbac4f05ffc8aba67fd7115b7400514514005145140051451400514514005145140051451400514514005145140094b451400521e94b487a1a00e2a563bdc0c9e4fbd635f9c5db1ed802b61c832361b23247eb595a9022762ad8381907a66b7312aa96c80700918f7a5560edc74f7f7a7a9f9417c1704f6eb51a9381c7de39f7a4038281f36ee7d0d72fe303992d873c06ea31e95d3b943bb72138ea3d2b96f179067b720004a9ce05296c547739fab69f707d2aa55b4fb83e9591a0b45145001494b495a40ce6145145590145145004771fea8d165f78525c7faa34b65f7856733481727e950375353cf5037de34407504a28a2b4320a5a4a280168a4a280168a4a280168a4a5a0028a28a0028a28a0028a28a0028a28a0028a28a0028a28a005a4a28a005a4a28a005a28a2800a28a2800a28a2800a28a2800a28a2800a5c91d2928a007acb22fdd91c7d09a956f6ed7eedcce3e921aaf45005e4d5afd7a5e4ff008b93532ebda9af4bb7fc403fd2b2e8a00d94f126a8bff2f00fd507f854cbe2ad457a985bea95814b401d1af8baf47de8a03f811fd6a64f18cc3efdac67e8c4572b4b401d72f8c7fbd67f949ffd6a993c616e7efdaca3e841ae2e8a00ee93c5d627ef4538fc07f8d4c9e2ad34f56957ea95e7f45007a2a78974b6ff0097823ea8dfe153a6bba6b74bb8c7d722bcce8a00f525d5ac1beede41ff007d8a992f6d9fee5c42df4715e4f45007af2ca8dd1d4fd0d3b20f7af20048e8714f59e65fbb2c83e8c6803d768af285d42f17eeddce3feda1a99358d453eedecff8b668b01ea34579a2f887545e976c7eaa0ff4a953c4faa2f5995bea82901e8f4579fa78b7515ea206faa7ff005ea54f18de8fbd0407e991fd68b01ddd2d712be33947deb343f4723fa54c9e345fe3b23f849ffd6a2c33b0a2b954f19da9fbf6d30fa106a64f1869e7ef4770bff011fe34580e968ac04f15e96dd64917ea86a65f12e94dff002f58faa30fe94ac06cd15989aee98fd2f21fc4e2a65d52c1beede5b9ff00b682981768a816eeddfee4f137d1c5481d0f4653f43400ea28cd140051451408296928a002968a2800a28a2800a28a2800a28a2800a28a5a00f19a28a2a890a2928a00296928a005a4a28a00296928a0028a28a0028a28a008cffadabdff002cea8ffcb6abdff2ceb096e74c7628cff7aa41d05453fdea9474aba6675028a28ad0cc28a28a008a5fbff85329d2fdea65652dcda3b0514b49486491f434fa647d0d3ea5948dff000b1c7da7bfdde319f5adfc151b48ebefd4d607850fcd703382768fe75d00da71d88390315a4763296e26d0c41e4f031fd680724f7238f5ef4f237312981819e3d2a32557254f1df06a891df37181d0f2735b10605ba0f61c62b18938e73b4e38adbb71fba4caf451c534263a11f3a9fe1ddfcebb41d2b8d88132a718c30c0f6cd765daa265c028a28a8340a28a5a004a28a5a004a29692800a2968a004a2969280168a292800a28a5a004a2968a0028a29280168a292801692968a004a28a5a00292969280168a28a0028a28a0028a28a0028a28a0028a4a280168a28a00e7bc7e71e10d4bfdc1ff00a10af06af77f88671e0ed47fdd5ffd085784500145145002a7df1f5a747f7e9a9f787d69d1fdfa05d4d287eed453d4b0fdda8a7e9525100fbbf8d140fbb494d8905145148615a3e1e19d7f4dff00af98ff00f42159f5a3e1bff91874dffaf98fff00421401f42514514c46278d7fe456d478cfee8f15f3dd7d03e3920784f5127fe79d7cfd4c428ea2ac5571d4558a433075cff8fc5ff707f3359b5a3ae7fc7e0ff747f5aceade3b193dc28a28a620a5a4a5a0028a28a0028a28a0028a28a00e9ed3a27fbb56aaada744ff0076ad5739b23de7c17ff22ae99ff5c456dd62f82ffe455d33feb88adaa0028a28a0028a28a0028a28a0028a28a0028a28a0028a28a0028a28a0028a28a0028a28a00290f434b487a1a00e22503cc3ec4d65ea3b7ed2db87230013db8ad67fbe73d09e6b2350426e582e30c0678eb5b9811282720039fee93d45460062187033d3140650ebe66719233d69e4a6dc023819fa8ec290c4dc0290a58b70d8efd2b98f19e7ceb6c9ecc71e9d2ba4673f7411b8704e31c5731e2f5c4f6e48e4839f4ed4a5b151dce7ead27dd1f4aab5697ee8fa564683a8a28a0029294f4a6d690d8ce62d1494b56405145140115c7faa34b65f78525c7faa34b65f7ab399a40b93d40df78d4f3d40df78d100a82514515a198514514005145140051451400514514005145140051451400b49452d00145251400b45251400b45252d00145145001451450014514500145145002d14945002d14945002d1494b40051451400514514005145140051451400b49451400b4945140052d251400b45251400b4514500145252d00145145001451450014514500145145002d14945002d14945002d1451400528661d091f8d251401325cce9f727957e8e6a55d4af97eede5c0ff00b686aa51401a29adea49d2f66fc5b3532f88f555e976c7eaaa7fa56451401ba9e29d517aca8df541532f8bf511d5203ff013fe35ce51401d4278caec7dfb780fd322a75f1a49fc564a7e927ff5ab90a2803b44f1a47fc766c3e8f9fe9532f8ced0fdeb79c7d307fad70b45007a0278bf4e3f79675faa8ff1a997c53a5b7595d7ea86bce68a00f4c4f11e94dd2e80faa91fd2a64d6f4d6e97b0fe2d8af2ea2803d5d353b17fbb796e7feda0a996e606fb93467e8c2bc8a8a008e8a28a620a28a2800a28a2800a28a2800a28a2800a28a2800a28a280183fd755d3feaea90ff5d574ff00abae796e74476284df7aa4ed51cdf7aa4ad2999d41692968ad0cc4a29692802293ef5369d27dea6d64f7365b0945145219247d0d3e991f4a7d4b28e83c2a06db9ce7b631f8d6e861dfa29e58d627853849ce3b819ada607391c376e2b48ec652dc130e33827af19c51c0da0821b393cfe94fe38c1e471c719a376386241ce3fcfe55448c192581ce57b7ff005ab72dd9442801c0c638fa562360a0040f42456dc5810c6a3aedeb4d0327b7044b1640cee18f6e6bb0ae3ed896b98ffde1fcf15d8544cb8051451505851452d002514b4940052d149400b494b49400514b49400b45252d00252d149400b494b4500149452d00252d252d00252d145002514b450014514940052d1450014514500145252d00252d14500252d1450014514500735f118e3c1da87d17ff004315e155ee7f124ffc51b7ff00f00ffd0c5786500145145002a7de1f5a747f7e9abf7853a2fbf47417534a1fbb514f52c3f76a19ba5494423eed252f6a4a6c4828a28a4316b4fc3033e22d33febe63ff00d0856656a785467c4ba60ffa784fe62803e81a28a2988e7fc7a71e13d479c7c9fd6bc02bdf7e20b6df08ea07d500fd6bc0a98851d4558aae3a8ab148673fae7fc7e8ff0074567d686b7ff1fbff0001159f5bc76327b8514514c414b494b400514514005145250014b494b401d3da744ff76ad555b5e89feed5aae73647bcf82ffe455d33feb88adbac5f05ff00c8aba67fd7115b5400514514005145140051451400514514005145140051451400514514005145140051451400521e869691bee9fa500711237cd8078ce715977d933c98208c8cf15a8c46edd8e41ac9bed8971228196eb8fc2b73020033b4f603903e940652140d81b1bbda97e52840ce318fc29aa401f2b707b67bf148612818c2925474f5ae5fc619fb45b67aed3c7e35d4124fb0e0f23afe22b96f18106e6df03f84ff003a52d8a8ee73f5717ee8fa554ab6bf74564682d14514001a6d29e9495a436339ee145145590145145004771fea8d2d97dea6dcff00aa3f5a7d975ace66902dcfd2abb7de35627e955dba9a201504a5a4a2b433168a4a280168a4a280168a4a280168a28a0028a28a0028a28a0028a28a0028a28a0028a28a00296928a005a4a28a005a2928a005a28a2800a29296800a28a2800a28a2800a28a2800a28a2800a28a280168a4a280168a4a5a0028a28a0028a28a0028a28a0028a28a0028a28a005a2928a005a2928a005a2928a005a28a2800a28a2800a28a2800a28a2800a28a2800a28a2800a28a5a0028a4a5a0028a4a5a0028a28a0028a28a0028a28a0028a28a0028a28a0065252d2531051451400b4525140051451400514514005145140051451400c5ff5d578ff00abaa29febaaf37fabae77b9d11d8a12fdfa92a297efd495a5333a82d14515a19851494b401149f7a994e7fbc692b17b9b2d82928a2819247f769f4c8feed3ea594745e16c88a623bb006b6c8dbf7704119c9f4ac6f0aff00a89873cb8e3b74ad9cee04a8ebc83e95ac763296e2be158101b03a0148d862cc0f03e6c0ebed4a72580c127279eb431c12307713e9e94c9053d477207e15b908c409d0e475fc2b09ba0623e63dc7f9e6b76318453c74e29a064b6a08ba873ddc018fad7615c959eefb5c3b718de3248aeb6a265c028a28a82c5a4a28a00296928a00296928a005a4a28a0028a296800a2928a0028a29680128a28a005a4a2968012969296800a28a2800a4a5a28012968a2800a28a2800a4a296800a28a2800a2928a002969296801296929680396f89671e0dbefaa7fe862bc3abdc3e271c7836f3fde8ff00f4315e1f40051451400a9f7853a2fbf4d4fbc29d17dea05d4d287eed433f4a9a1fbb50cfd0d494403eed147f08a29b041451452016b5bc2433e27d2ffebe13f9d64d6c783867c53a67fd775a00f7da28a2988e73e20ffc8a37ff00eeff005af03af7af88bff228df64ff0008fe75e0b4c42af51562abafde156290ce7b5aff008fe3fee8aa157f5aff008fe3fee8aa15bc76327b8514514c414b494b400514525001451450028a28a2803a7b4e89feed5aaab6bd13fddab55cecd91ef3e0bff91574cffae22b6eb17c17ff0022ae99ff005c456d50014514500145145001451450014514500145145001451450014514500145145001451450014d6fba7e94ea6bfdc6fa500712db413d31e95917786b9941183c609fa56b1f9b82d8cf4acabc53f6873c718e4f6adcc11589ea49e78238e69c3f88900f5e31cfe148c4052ccc01cfde23a53d46c61b71b48ed4862215de00520719045727e2f20ddc0339c21e7d79aea4118192dc67dab95f176efb643bbfb848fcea65b151dcc1ab8bf74553ab8bf74566682d145140087a52529e9495a436339ee1451495640b45145004571feabf1a7d8f5a65cffabfc69f63d6b399a40b73d576fbc6a79ea06fbc688054128a28ad0cc28a28a0028a28a00296928a0028a28a005a2928a005a28a2800a2928a005a28a2800a28a2800a28a2800a28a2800a28a2800a28a2800a28a280168a4a280168a4a280168a4a280168a28a0028a28a0028a28a0028a28a0028a28a0028a28a00296928a005a2928a005a2928a005a28a2800a28a2800a28a2800a28a280168a4a280168a4a280168a4a280168a4a280168a28a0028a28a0028a28a0028a28a0028a28a0028a2968012968a2800a28a2800a28a28023a28a298828a28a0028a28a0028a28a0028a28a0028a4a5a0028a28a006a7faefc6ae37fabaa71ff00aefc6ae3ff00abae77b9d0b62849f7c54951c9f7c7d6a4ad2999d40a28a2b4330a28a280227fbc69b4e7fbc692b17b9b2d84a2969290c913eed3e9b1fdda752651d2f85c0fb24c703eff005fc2b5d3239180b8ebeb591e196db67261727cc393f80c56cc6a30b9ea7a0f4ad63b194b71090186324672714acc0b677631c67be28c8501881c1fc6930aa72475ebdfeb4c9004381cfcbdb1dab771b550827a722b07030a130467fa56f8c90072188ed4d0993d8e0de43bbaef1d2badae4ac07fa6c18e3e715d6d44cd21b05145150585141a28016928a2800a28a28016928a5a004a5a4a280168a4a28016928a5a004a28a5a002929692800a28a2800a2969280168a292800a5a28a0028a28a0028a292801692968a002929692800a2968a004a2969280394f8a1ff2275d7fbf1ffe842bc46bdb3e291c7842e3de48ff00f4215e2740051451400a9f7853a1fbf4d4fbd4e87ef51d05d4d28bee5433f7a9a2fb950cfdea4a20fe11451fc228a6c10514514805adaf058cf8ab4cff00aec2b12b77c0e33e2cd33febaff43401ef345145311cc7c4838f08defd07f3af07af77f8938ff8446f3271d2bc2298855fbc2ac5575fbc2ac5219ceeb3ff001fcdf41546aeeb3ff1feff0041fcaa956f1d8c9ee1451453105145140051451400514514000a5a4a5a00e9ed7a2fd2ad555b5fe1fa55aae73647bcf82ffe455d33feb8ad6dd62782ff00e455d33feb88adba0028a28a0028a28a0028a28a0028a28a0028a28a0028a28a0028a28a0028a28a0028a28a0029b27dc6fa1a75364ff56df43401c4961d083ce2b26f8ffa43f5ce41f4cd6ab64e7819e809acabde2e58e39079edc715b9815c1565218138c1008ec69318c8c918efd853f0011862c32739ede94d752776dfb87f534863d98840083bb1d6b92f187fc7dc1c104210727debacc05396e47422b93f18956be80a11feac7f3a996c5477302ae0e82a9d5c1d0566682d145140087a5369c7a536b486c673dc28a28ab2028a28a008ee3fd5fe34fb1eb4cb8ff57f8d3ec7ad67334816a7aaedf78d589eabb7de34530a81452515a198b45251400b45252d00145145001451450014514500145145001451450014514500145145002d25145002d2514b400514525002d1494b40051451400514514005145140051451400514514005145140052d251400b45251400b45251400b45252d001451450014514500145145002d25145002d14945002d14945002d14945002d14945002d145140051451400514514005145140052d251400b45149400b451450014514500145145001451450014514500145145004745145310514514005145140051451400514514005145140051452500117fad3f5ab8ff705538bfd69fad5c93ee573bdce85b1424ff582a4a8dffd60a7d694f633a9b8b452515a198b452514011bfde34da737534dac5ee6cb60a28a290c963fbb4ea6a7dda75228e97c2f8168fef27e7802b619d8923393dbd4564f8633f623b573990ff4ad8c2890ed61c8c735ac763296e2392c016e87a7d7d291be5186c7b91e99a56c839c714990e7041dc471c70299239501385c91e8466b69410ab81588a1d480ac074ed4f69e47254c8d9e9d71cfad3484d9d1698d8bc847001707eb5d6579de92e1353b4795c2af98092dc62bd0639a39066391187b1cd44f72e9ec3e8a28a8340a28a5a004a2968a004a2969280169296928016928a2800a28a2800a29692800a28a5a002928a280168a4a2800a5a28a004a28a2800a28a5a0028a29280168a28a0028a4a5a004a5a28a0028a4a280168a29280390f8a871e119bde54fe75e2b5ed1f158ff00c526fef32578bd00145145002a7dea743f785353ef53a1fbd47417534a3fb9504fdeac47f73f0aaf3f7a92884741451d8514d820a28a290056f781067c5da6ff00d74fe86b06ba0f008cf8bf4dff007cff00e826803dda8a28a62395f89871e11bae71920578557b9fc4e24784ae31fde15e194c42afde153d40bf787d6a7a4339dd63fe3fdfe83f9552ab9abffc7fc9f87f2aa75bc76327b8514525310b451450014514500145145002d1451401d3daff000fd2ad555b5fe1fa55aae73647bcf82ffe455d33feb88adbac4f05ff00c8aba67fd7115b740051451400514514005145140051451400514514005145140051451400514d775419760a3dce2a9cdaad8c470f75167d01c9fd29817a8ac39fc4f6111217cc931fdd5c7f3aa1378b793e4dafcbfdf76a7cac9e647574c9bfd53ffba6b8a9bc4b7f26553cb8cfb274fcea9cfa95f4c8dbee64e78fbd81fa53e462e745733ca1c842c0f5e79a86598bc84be011c723ad35f70050a8da3dfad18c372073d0f4c9ad0c845d80900283ceec0eb4c93208009183d873d29649edd3709190719cb301922a84bab59c78df3063d70b93cfe1458773514f1939e077ae3fc5dff1fb174ff57d7f135a73f882df9d914af907ae066b0352b8fb6ca8fb0461576800e6a5aba2a2eccceab83a0aafe51f5a9b38151cacbe643e8a664d1934f918b9d0e3d29b4515695886ee145145310514514011ce098f8e6a4b2e0f3c51454ca372a32b162622a06fbc6928a231b04a570a28a2a890a28a2800a28a280168a4a2800a5a4a2800a5a4a2800a5a4a280168a4a280168a4a280168a28a0028a28a0028a28a0028a28a0028a28a005a2928a005a2928a005a2928a005a28a4a005a28a4a005a28a2800a28a2800a28a2800a28a2800a28a2800a28a2800a5a4a280168a4a280168a4a5a0028a28a0028a28a0028a28a0028a28a005a2928a005a2928a005a2928a005a2928a005a2928a005a28a2800a28a2800a28a2800a28a2800a28a280168a4a2900b45149400ca28a4aa10b45251400b45252d00145251400b45251400b452514805a2928a0051c1c8eb4a598f5269b450170a28a2800a28a2800a28a2800a08068a2801a54526c1eb4fa29590eec4030314b451472a1f3b2ed8ea53d9a148b6ed2724115a09e206f977c03206090dd6b0a8a649d3a6bb6cd8dcb22827272335760d4ec9b1e5ce8bc83f3715c5d14ee23bb3345291e51563ce4839ff3daa4185078caf07d2b800483c123e953c77b7310c24f201e9bb228b858edba904e092724f5a9449c9642ca7b7be6b8f8f5bbd4182eac339e455a8bc42e142cb02903a9538a7703ac8f50bd847eeeea6dc31dce3f2abb0788b508cfcf2a49c701947f4ae461f105b31c4b1ba8c7a035620d5ace4c1698066ec4631f8d2b21dd9da43e299c6df36da36cff007588ab90f8aad98032c32a03dc608ae2a3b8865dbb2446ee307a1a99b763af5c0048cd2e443e767790ebfa74a7027da7ae1948ab90dedace0186e227cfa38af35190c17807d8f5148abf3b103001eb8e4d2f668af68cf53073d0d15e689732c40f9534a98c630c455ab7d6f518ced5b966c750f82697b363f688f41a2b8c87c4f7c871345131c8038c7e75722f15a6e226b6231dd5c1cd4f231f3a3a7a2b1a2f1258301bcc9113fde5ff000ab916ab632e365d4593d8b63f9d2b32ae8bb453524471947561ec734fa430a4a296800a28a2801296929680129692968012968a2800a28a2800a4a5a4a0028a296800a28a28012968a2800a28a28012968a4a005a28a28038bf8b271e15face9fd6bc66bd93e2d9ff008a5d3dee17f91af1ba0028a4a5a0054ebf853e0fbd4c5ebf853e1fbc287b0ba9a31fdcfc2a09fbd4f1fdcfc2a09fbd49443fc228a3b0a29b04145145200ae87e1ff3e30d37fdf6ff00d04d73d5d1fc3d19f18e9dfef37fe806981ee74514502392f8a1ff002295c7fbcb5e1b5edff153fe45397feba2d7885310a9f7854f5027de153d219ce6afff001ff27e1fcaa9d5bd5bfe4212fe1fcaaa56f1d8c9ee251452d310514514005145140051451400b49451401d45aff0fd2ad555b5fe1ff76ad5739b23de7c17ff0022ae99ff005c456dd62782ff00e455d33feb88adba0028a28a0028a4271d4e2a09af6d61ff005b71129f42c2802c515932ebfa7c6091297c7f756b3e6f164207ee6da463fed102ab958b991d3515c64de28bc720451c299ed824d52975cd465621a72becb818fca9f23279d1dfb305196200f7aab2ea36717125cc40fa6ec9af3cb89669d079b312deacc4d4308c4879dc40e71d7eb4f905ed0eee5f11e9e9f75de4ff00750e3f5aa171e2c4524416c5bdd9b1fcab9701b3f2905401ff00d7aacd750c2d89268953ae18e29f22279d9d1cbe28bd78c9548e307a10b9c5529b55bf9ced372fee15b68fd2b9e9f59b28f3b6e37f3d1549e2a9cbe23894010c0ec40fbcc40ff1aab215d9d0492c8c18cb2331ebcf51480e581eb81d08ae4ee3c4173213b123407af5354e4d56f64041b8751e8bc7f2a623b873c6f6c01d70dc5519afed21f95ee2318ec0e4f5f6ae29e4790fef1d9bea734da02c75b27882cc6e0048e00c00a383edcd549fc4a49fdcdb01eecd9ae768a433565d7af5f21592307fbabfe354a5bdba94e649e43ff02c557a28002727939a28a2800a28a2800a28a2800a28a2800a28a2800a28a2800a28a2800a28a280168a4a280168a4a280168a4a280168a4a5a0028a4a5a0028a28a0028a28a0028a28a0028a28a005a4a28a005a2928a005a2928a005a2928a005a2928a005a2928a005a29296800a28a2800a28a2800a28a2800a28a2800a28a280168a4a280168a4a280168a4a280168a4a280168a28a0028a28a0028a28a0028a28a0028a28a0028a28a0028a28a005a29296800a28a2800a28a2800a28a2800a28a2800a28a2800a5a4a280168a4a280168a4a280168a4a280168a4a5a0028a28a0028a28a008e8a28a620a28a2800a28a2800a28a2800a28a2800a28a2800a2928a005a2928a005a2928a00296928a0028a28a0028a28a0028a28a0028a28a0028a28a4014514500145149400b4514500145251400a091d2a78ef2e23fb934831db71c557a2803463d66f5060ca187a328356e3f104a0e648236fa122b0e8a770b1d3278820600490b29cf5001ab306ad64efcca141fef022b90a28b858eee1b982552525463d461b9c53cecf3320ee3d7ef74ae07352473cb19f92475fa1a2e2b1ddedca1c1239ed460a7cbebce2b904d62f97fe5b16ff78035693c41700012468f8ee320d3b858ea50947ca1d8c4f5078ab29a95ec2e0a5dcca38eaf91fad72f1f88617044d13ae71d0e7156d359b19060ca57a6032914b40d51d543e24be4620c91c8075dcbfe156edfc5ae4e25b74620e095622b9317904b864960249c7cac3f954eaab90c4e0638c1cd1ca8ae6676b1f8a2d0e3cc8a543d3800d5c8b5cd3e460bf680ac7b3022b800305480c14f6c74a41bfe5feefa039cd4f221fb467a645756f300629e37cfa3035375e95e5e8db86d2467a8c353a2bcbb8f2639e45ff70918a5ecc7ed0f4fa4ae062d73518f18b9675072772838f6abb0f8a6e946658a271db008a5c8cae74765495ccc1e2c85954cb6eeb9feeb0357e2f11583fde774ff00797fc2a7958f991af4b54e2d4eca5fb9731123b16c1ab4aeac32ac08f6348a168a28a002968a2800a29296800a28a4a005a4a5a280128a5a4a005a4a5a280387f8ba71e1987dee57ff00416af1caf61f8be7fe29bb7ffaf95ffd05abc7a80168a292801cbd7f0a7c1f785317afe14f83ef50f61753453ee7e1504fdea74fb9f85579fbd49445d851476145304145145200ae93e1d0ff008ac74ffabffe806b9bae9be1c0cf8c6c3fe07ffa01a00f70a28a2988e3be2aff00c8a7276fde2d788d7b67c57ff9155bfebaad789d310a9f7854f5027de153d219cdeadff1ff002fe1fcaa9d5bd57fe3fe6fa8fe5552b75b193dc2945252d31051451400514514005028a0500145145007536bfc3f4ab3556d7f87e956ab9d9b23d9bc29aed85b78634e492625d620a55549c115725f14400661b795c7ab60579fe86b8d32dd9460e0e47ad5f91805de00e0679e056aa08c9cd9d0dc78aee89c450451e7ee96cb67f962a95c6bba8cb85fb46cee7628158525e5bc2773dc441f1d4b66a9c9aed9217f9de439fe10718fc69f2a2799b3725ba965199e795b1d72c4f1501625b6ab1c77e3a715cfcbe23894b7916d938c0de7007e154a4d7eed8e5563539cf4cd508ebb0007cb1d9d724f1d3a523488a9f3b0518cf3c0ae1e6d4ef252774ee323076fcbfcaaa33b39cbb163ee734058ede5d52ce2e0dc4608ee0e7f955493c456a89fbb5959bd3181ed5c951482c6fc9e239368115ba8f7639e6aa4dae5f48789163e31f22d65d140c9e5bcb8973e64f2107b6ee2a0a28a0028a28a0028a28a0028a28a0028a28a00296928a005a4a28a005a2928a005a2928a005a2928a005a2928a005a2928a005a2928a005a29296800a2928a005a29296800a28a2800a28a2800a28a2800a28a2800a28a2800a28a2800a28a280168a29280168a4a5a0028a4a5a0028a28a0028a28a0028a28a0028a28a00296928a0028a28a005a4a28a005a2928a005a2928a005a2928a005a29296800a28a2800a28a2800a28a2800a28a28016928a280168a4a280168a29280168a28a0028a29280168a28a0028a28a0028a28a0028a28a00296928a005a2928a005a28a2800a28a2800a28a2800a28a2800a5e2928a005a2928a005a2928a006514945020a28a2800a28a2800a28a28016928a2800a28a2800a28a2800a28a2800a28a2800a28a2800a28a2800a28a2800a28a4a602d1451400514525002d14945002d14945002d14945002d149450014628a2800a28a2800a28a2800a28a28012968a2800a4a5a2818952c73cb163cb95d7e8c45478a29017a1d5af62fbb3b11e8c01ab517882e55f73a46e7d79158d45311d1c7e2352712c0d8ebf29ab516bd68c724b21279054f15c95145c2c7730df5aca0ecb88ce474dc01cd3d64424857525c7d40ae0e9d1c8f19cc6ec8477538a2e163d0369dc15700e3bf069b23f0a48057b719cfd6b8b8f53bc43913b9ff7b9fe756e2d7eed46d7589c7bae28b8ac752186d3b48057231da9f0cb204dd148e84f7ce3fcf5ae723f108e0496f81fecb55b875cb393fd6b488724f23fc2981d2c1aadfc078ba91c64704e7f9d5b8fc4d7f1e3798997bee5e7f435cc457f68d8297085baf2d8efef56a36575fe066faf5a564c776755078b189c4b6aa7d4abe2af47e27b32c56549632064f00ff235c49382d90a307046734981f292d8ce473ce4d2e443e767a0c1aee9b370b74a0fa302bfceaf45710cc3f75346ff00eeb035e648727839edc1c1c522b9dc38c2e7800ff3353eccaf687a9d15e6b15f5d479f26e665f41b8e2aec1e20bf8f01a7df8ebb946297b363f688efa92b8d83c5975d65b68d97d41c1feb57e2f15db903cc8245ff0074834b9195ce8e928ac78bc45a74840333213fde535762d46ce5388eea127d378cd2b31dd32d5142b061c107e945219c27c603ff0014f5affd7c8ffd05abc86bd77e309c681683fe9e47fe82d5e4540094b494500397a9fa53e0fbd4c5eff4a7c1f7a87b0ba9a29f73f0aaf3f7ab09f73f0aaf3d49445d8514761453624145145218574ff0dbfe470b2fa3ff00e826b98aea7e198cf8bed3fdd7ff00d04d007b6d14535dd50659801ee6988e33e2d67fe116e0e3f7ab9af15af62f8ad776f2f873cb8a68e4904aa48560715e3b4c4393ef0a9aa14fbe2a6a4339ad53fe3fe6faff004aa956b53ff8ff009bebfd2aad6eb6327b85028a514c4145145001494a39a952de693ee44e7f0a008696aec7a65cb7550a3dcd598f476ff969281f4140193456f26956ebf78b37d4d588ecedd3eec49f88cd003ad7f87e956aa3000e8314565c85f3979354bb8a1586397646bd30067f3aad2dc4d2ff00ad9647fab1351515a19b0a28a2800a28a2800a5a4a2800a28a2800a28a28016928a2800a28a2800a5a4a5a004a5a28a0028a28a0028a28a0028a28a0028a28a0028a28a0028a28a0028a28a0028a28a0028a28a0028a28a0028a28a005a4a28a00296928a005a2928a005a2928a005a2928a005a2928a005a2928a062d14945002d1494b40051451400514514005145140828a28a0028a28a0028a28a002968a2800a28a2800a28a2800a28a2800a28a2800a28a2800a5a4a280168a4a28016928a280168a4a280168a4a2818b452514085a28a2818514514005145140828a28a0028a28a00296928a005a2928a005a2928a005a28a2800a28a2800a28a2800a28a2800a28a280168a4a28016928a280168a4a2900b45252d00474514550828a28a0028a29280168a4a290052d251400b452514c028a28a4014514500145145001451450014514500145149400b4514500145149400b45251400b45149400b45251400b45251400b45251400b45251400b45251400b45251400b45251400b494514005145140c28a28a620a28a2818514514005145140051451400514525002d2ab321ca3153ea0e2928a00b30dfdd42d949df3ee73fceae45af5ea60332c9fef2f359345006fc7e21623f7d0fe28718ab50ebb68c41916443df8c8ae5e8a2e2b1d8c7a9da38f927504f1c9c607e356a2963704068df9ddc73cf635c25018a9ca920fb5170b1dff392ad8539c0c679a713f3853ced18391d4d70f1dfdda7ddb893f16cff003ab50eb97b1f565707aee5ff000a770b1d5e40c94fc323f953873212c3040e71e95ce2788a4cfef204c1393b49156e2f105b3061224899e7b1e68158dc8659629098a475071f32b1e3eb56a1d66fe363b2ea5202e70d823f5ac48f57b3981dd3aab11dc11f9d598678261b55e3207f7581a564c2ed157c79abdddf69b6d0dd142ab26ec85c1ce0ff008d70f5d2f8b38b7b7439fbc4f3f4ae66b292b33783ba0a5a28a92855eff4a7dbfde14c5eff004a920fbd43d84b73417ee7e155e7ef5617ee7e155a7a9288fb0a28ec28a6c10514514802b67c2375359ebb04b6e40930c06467a8358d5a5e1e654d56266200c1ebf4a6b714b63d0ae756be987cd7722839236fcbf855592432106592463c9e5b26b3e5d4ece1237dc478ce4856cf354a5f11d9aafc824663e8bfe35bdac73dd8ef14e0e88dc83920f03a735c3d741ac6b7f6fb4302c3b01392c5b27ae6b0b61f5a8926d9a41a4844fbe2a6a89548604d499a9e565f32399d4bfe3fa6ff007aa054673f2a96fa0cd74e6da13217312962724919a90000700015aad8c9b39b8ec2e5fa44c3ebc5598f4898fdf645fd6b728a0466268f18ff00592b1fa0c5584d3ad93f8371ff0068d5ba2801890c71fdc8d57e82a4a4a280168a4a280168a4a280168a4a280168a4a280168a4a280168a4a280168a4a280168a4a280168a4a280168a4a280168a4a280168a4a280168a4a280168a4a5a0028a28a0028a28a0028a28a0028a28a0028a28a0028a28a0028a28a0028a28a0028a28a0028a28a06145145020a5a4a5a0028a4a5a0614514500145145001451450014514500145145002d14945020a5a4a281852d251400b45251400b45251400b45251400b45251400b45251400b45251400b4514500145145001451450014514500145145002d1494b48028a28a601451494805a28a28105145140c28a28a0028a28a0028a28a00296928a602d1494502168a4a280168a28a0028a28a0028a28a0028a28a0028a28a005a29296800a28a2800a28a2800a28a2800a28a2800a28a28019494514c42d14945002d14945002d25145002d251450014514500145145001451450014514500145145001451450014514500145149400514514005145148028a28a0028a28a0028a28a0614514500145149400b4525140051451400514514005145140051451400514514005145140051451400514514005145140051451400514514005145140051451400514514005145140051451400500d145002cd24922a877760bd0139c54383dea5a2a5c6e52958868a9703d29368f4a9e465738d5e87e9525bfdea6edc03f4a75bfdea992b149dcd05fb9f85569eacafdcaad3549447d851484e31f4a4cd5f2b64f3243a8a664fad14fd993ed0766909e2928aa50489736c28a28aa2428a28a0028a28a0028a28a0028a28a0028a28a0028a28a0028a28a0028a28a0028a28a0028a28a0028a28a0028a28a0028a28a0028a28a0028a28a0028a28a005a4a28a0028a28a005a4a28a0028a28a00296928a0614514502168a4a280168a4a2818b45251400b45251400b45251400b45251400b45251400b45251400b45251400b45251400b45251400b45251400b4514500145145200a28a2800a28a2800a28a298051451400514514805a29296800a28a29805145148028a28a60145145200a28a280168a4a298052d251400b45251400b45251400b45251400b45251400b45252d001451450014514500145145001451450014b4525002d1494b40051451400514514005145140052d251400b45251400b45251400b45251400b45251400b45251400b45252d001451450014514500145145200a5a4a28019452514c9168a4a280168a4a28016928a2800a28a2800a28a2800a28a2800a28a2800a28a298051451400514945002d14945002d14945002d14945002d14945002d14945002d14945002d1494503168a4a2810b4945140c5a2928a04145145030a28a2800a28a2800a28a4a005a29296800a4a2969009452d25002d1494500145145002d25145002d251450014b4945002d251450014b4945002d25145001451450014514500145145001451450007ee9a5b7fbd487ee9a5b7eb59ccd20680fbb55a6ab23ee5559ab334226edf4a6d2b1a4ae85b183dc28a28a041451450014514500145145001451450014514500145145001451450014514500145145001451450014514500145145001451450014514500145145001451450014514500145145001451450014514500145145030a28a2800a28a2800a2968a004a5a28a004a5a28a0028a29280168a28a0028a28a0028a28a0028a28a0028a28a0028a28a0028a28a0028a28a005a2928a005a2928a005a2928a005a2928a005a2928a005a2928a005a2928a005a2928a005a2928a005a28a2800a28a2800a28a2800a28a2800a28a2800a28a280168a28a0028a28a0028a28a0028a28a0028a28a0028a28a005a2928a402d14945002d14945002d14945002d14945002d14945002d1494b40051451400514514005145140051451400b4514500145145001451450014b4945002d14945002d14945002d14945002d14945002d1494500328a28aa2428c51450018a28a2800a28a2800a4a5a280128a5a280128a5a4a401452d253185145148028a28a0028a28a0028a28a0028a4a280168a4a280168a4a2800a28a2800a28a2800a28a2800a28a2800a28a2800a28a2800a28a2800a28a29805145148028a28a0028a28a60145145200a28a29805145140051494b48028a4a5a601452514805a28a298051494520168a4a280168a4a280168a4a280168a4a280168a4a5a0028a4a280168e9d2928a0076e3ea7f3a4a4a5a0028a4a280168a4a280168a4a280168a29280168a4a280168a4a280168a4a280168a4a280168a4a280168a4a280168a4a280168a4a280168a4a280168a4a280168a4a280168a4a280168a4a280168a4a280168a4a280168a4a2818b45251400b45251400b45251400b45251400b45251400b45251400b45251400b45252d001451450014514500145145001451450014514500145145001451450014514500145145001451450014514b4005145140051494b48028a28a0028a28a60145145200a28a2800a28a28016928a280168a4a280168a4a280168a4a280168a4a280168a4a280168a4a280168a4a280168a28a0028a28a0028a28a0028a28a0028a296800a29296800a28a2800a28a2800a28a2800a5a4a280168a4a280168a4a280168a4a280168a4a280168a4a5a0028a28a0028a28a601451450014514500145145002d14514005145148028a28a0028a28cd00328a4a29922d1494500145145001451450014514500145145300a28a4a005a29296800a2928a005a2928a005a2928a005a2928a005a4a28a061451450014514500145145001451450014514500145145001451452012968a280128a5a4a005a4a28a0028a28a0028a28a0028a28a0028a28a0028a28a0028a28a0028a28a0028a28a0028a28a0028a28a0028a28a0028a28a0028a28a0028a28a0028a28a0028a28a0028a28a0028a28a0028a28a0028a28a0028a28a0028a28a0028a28a0028a28a0028a28a0028a28a0028a28a0028a28a0028a28a0028a28a0028a28a0028a28a0028a28a0028a28a0028a28a0028a28a061451450014514500145145001451450014514500145145001451450014514500145145002d25145001451450014514520168a4a280168a4a2980b452514805a2928a005a2928a005a2928a005a2928a005a2928a005a29296800a28a4a005a28a4a005a29296800a28a2800a28a2800a28a2800a28a2980b4945148028a28a0028a29680128a5a2800a28a2800a28a2980514514005145148028a28a005a2928a602d14945002d14945002d14945002d14945002d1494b400514514005145148028a28a005a4a28a005a2928a005a28a2800a28a2800a28a2800a28a2800a28a280168a4a280168a4a280168a4a280168a4a5a0028a28a0028a28a0028a28a00296928a006525145310514514005145140051451400514514005145140051451400514525002d14945002d14945002d19a29280168a4a280168a4a2800a28a2800a28a2800a28a2800a28a2800a28a2800a28a2800a28a2800a28a2800a28a2800a28a2800a28a2800a28a2800a29296800a28a2800a2928a005a2928a005a2928a005a4a28a005a4a28a005a2928a005a2928a005a2928a005a2928a00296928a00296928a00296928a005a4a28a0028a28a0028a28a0028a28a0028a28a0028a28a0028a28a0028a28a0028a28a0028a28a0028a28a0028a28a0028a28a0028a28a0028a28a06145145020a28a2818514514005145140051451400514514005145140052d25140051451400514514005145140052d251400514514005145140052d25140052d251400b45251400b45252d00145252d001451450014514500145145001451450014514500145145200a28a2800a28a2800a28a280168a4a280168a4a280168a4a280168a4a280168a4a280168a4a280168a4a280168a4a280168a4a5a0028a28a0028a28a0028a28a0028a28a00296928a005a4a28a002968a2800a28a2800a28a2800a28a2800a28a280168a4a280168a4a280168a4a280168a4a280168a4a280168a4a5a0028a28a0028a28a0028a28a00296928a00296928a005a29296800a28a2800a28a2800a28a2800a28a2800a5a29280168a4a5a008e8a28aa105145140828a28a06145145200a28a2980945145200a28a2800a28a2800a28a2800a28a2800a28a2800a28a2800a28a2800a29296800a2928a005a2928a005a2928a00296928a0028a28a0028a28a0028a28a0028a28a0028a28a0028a28a0028a28a0028a28a0028a28a0028a28a0028a28a0028a28a0028a28a0028a28a0028a4a5a0028a4a280168a4a280168a4a280168a4a280168a4a5a0028a4a280168a29280168a29280168a28a0028a4a280168a4a280168a29280168a4a280168a4a280168a4a280168a4a280168a4a280168a4a280168a4a280168a4a280168a4a280168a4a280168a4a280168a4a280168a4a2818b452514085a2928a062d1494502168a4a280168a4a280168a4a280168a4a280168a4a280168a4a2818b45252d001452514805a29296800a28a4a005a29296800a28a4a005a28a2800a28a2800a28a2800a28a2800a28a2800a28a2800a5a4a28016928a2800a5a4a280168a4a280168a4a5a0028a28a0028a28a0028a28a0028a28a0028a28a0028a28a00296928a005a2928a005a2928a005a2928a005a2928a005a29296800a28a2800a28a2800a28a2800a28a2800a28a28016928a2800a28a2800a5a4a280168a28a0028a28a0028a28a0028a28a0028a28a005a2928a005a2928a005a28a2800a28a2800a28a2800a28a280168a4a280168a4a280168a4a280168a4a280168a4a5a008e8a28a620a28a2800a28a2800a28a298051494520168a4a280168a4a2980b452514805a2928a005a4a28a0028a28a0028a28a0028a28a0028a28a0028a28a0028a28a0028a29280168a28a0028a4a5a0028a4a280168a4a280168a4a28016928a2800a28a2800a28a2800a28a2800a28a2800a28a2800a28a2800a28a2800a28a2800a28a2800a28a2800a28a2800a28a2800a28a2800a28a2800a28a2800a28a2800a28a2800a28a2800a28a2800a28a2800a28a2800a28a2800a28a2800a3345140051451400514525002d14525002d1451400514525002d14945002d14945002d1451400514525002d1451400514514005145140051494b4005145140c28a28a0028a28a0028a28a0028a28a0028a28a0028a28a0028a28a40145145300a28a2800a28a2800a28a2800a28a2800a28a280168a4a290052d251400b45251400b45251400b45251400b45251400b45252d001451450014514500145145001451450014514500145145001451450014b4945002d25145002d14945002d1451400514514005145140051451400514514005145140051451400b45251400b45251400b45251400b45252d00145145001451450014514500145145002d149450014b4945002d14945002d14945002d1494b40051451400514514005145140051451400b45251400b4514500145145001451450014b494500328a4a29885a4a28a0028a28a0028a28a0028a28a0028a28a0028a29280168a4a280168a4a280168a4a280168a4a280168a4a28016928a280168a4a28016928a2800a28a2800a28a2800a28a2800a28a2800a28a2800a28a2800a28a2800a28a2800a28a2800a28a4a005a28a4a005a2928a005a2928a005a2928a005a2928a005a4a28a005a2928a005a2928a005a2928a005a2928a00296928a005a2928a005a4a28a0028a28a00296928a0028a28a0028a28a0028a28a0028a28a0028a28a0028a28a0028a28a0028a28a0028a28a0028a29280168a28a0028a4a5a0028a28a0028a28a0028a28a0028a28a06145145200a28a2800a28a2800a28a29805145148028a28a0028a28a0028a28a0028a28a60145145200a28a2800a28a2800a28a28016928a2800a5a4a2800a28a280168a4a280168a4a280168a4a280168a4a280168a4a280168a28a0028a28a0028a28a0028a28a0028a28a0028a28a0028a28a0028a28a005a2928a005a2928a005a2928a005a2928a005a29296800a28a2800a28a2800a28a2800a28a2800a28a28016928a280168a4a280168a4a280168a4a280168a4a5a0028a28a0028a28a0028a28a0028a28a00296928a005a2928a005a29296800a29296800a28a2800a28a2800a28a2800a28a2800a5a4a280168a4a280168a4a280168a4a280168a29280168a28a0028a28a0028a28a006514525310b45251400b452514c05a2928a402d14945002d25145002d251450014514500145145001451450014514500145251400b45251400b45251400b45251400b45251400b45251400514514005145140051451400514514005145140051451400514514005145140051494b40051451400514945002d14945002d14945002d14945002d14945002d14945002d14945002d149450014b49450014b49450014514500145145001451450014514500145145001451450014514500145145001451450014514500145145001451450014519a2800a28a2800a28a2800a28a2800a28a2800a28a2800a28a2800a28a2800a28a2800a28a290c28a28a00296928a0028a28a00296928a0028a28a0028a28a00296928a005a2928a005a2928a005a2928a005a2928a005a2928a005a2928a005a29296800a28a2800a28a2800a28a2800a29296800a28a2800a28a2800a28a2800a5a4a2800a28a280168a4a280168a4a280168a4a280168a4a280168a4a280168a4a5a0028a28a0028a28a0028a28a0028a28a0028a28a00296928a002969296800a29296800a28a2800a28a2800a28a2800a28a2800a28a2800a5a4a280168a4a280168a4a280168a4a280168a4a5a0028a28a0028a28a0028a28a0028a28a0028a28a005a28a4a005a28a2800a28a2800a28a2800a5a4a2800a5a4a280168a4a280168a4a280168a4a28019451494c42d14945002d14945002d14945002d14945002d1494500145145001451450014514500145145001451450014514500145251400b45251400b45251400b45251400b45251400b452514005145140051451400514514005145140051451400514514005145140051451400514514005145140051451400514514005145140051451400514514005145140051451400514945002d14945002d14945002d14945002d14945002d14945002d14945002d14945002d14945002d14945002d14945002d14945002d14945002d14945002d14945002d14945002d14945002d1494503168a4a280168a4a2900b45251400b45251400b45251400b45251400b45251400b45251400b45251400b45251400b45251400b45251400b45251400b45251400b45252d001451450014514500145145001451450014514500145145001451450014514500145145001451450014b4945002d14945002d14945002d14945002d1494b4005145140051451400514514005145140051451400b49451400b45251400b45251400b45251400b45251400b45251400b45251400b451450014514500145145001451450014514b400514514005145140051451400514514005145140051451400b45251400b45251400b45251400b45251400b45252d00145145001451450014514500145145002d14945002d14945002d1494b40051451400514514011d14514c4145145001451450014514500145145001451450014514500145145001451450014514940052d25140051451400514514005145140051451400514514005145140051451400514514005145140051451400514525002d1494b400514945002d14945002d14945002d14945002d149450014b494500145145002d25145001451450014514500145145001451450014514500145145001451450014514500145145001451450014514500145145001451450014514500145145200a28a2800a28a2800a28a4a005a28a4a005a29296800a28a4a005a2928a005a2928a005a28a2800a2928a005a28a2800a2928a062d14945002d1494b400514945002d14514005145140051494b400514525002d145140051451400514514005145140051451400514514005145140052d251400514514005145140051451400b49451400b45251400b45251400b45251400b451450014514500145145001451450014514500145145001451450014514500145145002d14945002d14525002d145140051451400514514005145140051451400b45251400b45251400b45251400b45251400b45251400b45251400b45252d0014514500145145001451450014b4945002d14945002d145140051451400514514005145140052d251400b45149400b45251400b45145001451450014514500145145002d1494500328a28a620a28a2800a28a2800a4a28a0028a28a0028a28a0028a28a0028a28a0028a28a0028a28a0028a28a0028a28a0028a28a0028a28a0028a28a004a28a2800a28a2800a28a2800a28a2800a28a2800a28a2800a28a2800a28a2800a28a2800a28a2800a4a28a005a28a2800a28a2800a28a2800a4a28a0028a28a0028a28a0028a28a002968a280128a28a0028a28a0028a28a005a4a28a0028a28a0028a28a0028a28a0028a28a0028a28a0028a28a0028a28a0028a28a0028a28a0028a28a0028a28a0028a28a0028a28a0028a28a0028a28a0028a28a430a28a2800a28a2800a28a2800a28a2800a28a2800a28a2800a28a2800a28a2800a28a2800a28a2800a28a2800a28a2800a28a2800a28a2800a28a2800a28a2800a28a2800a28a280168a28a0028a28a0028a28a0028a28a0028a28a0028a28a0028a28a0028a28a0028a28a0028a28a0028a28a005a4a28a002968a2800a28a2800a28a2800a28a2800a28a2800a28a2800a28a2800a28a2800a28a2800a28a2800a28a2800a28a280168a28a0028a28a0028a28a0028a28a0028a28a002968a2800a28a2800a28a2800a28a2800a28a2800a28a2800a28a2800a28a2800a5a28a002928a280168a28a0028a28a0028a28a0028a28a0028a28a0028a28a005a4a28a005a28a2800a28a2803ffd9, 'u0001', 0);
INSERT INTO `t_rstinfo` (`rst_id`, `rst_name`, `rst_address`, `start_time`, `end_time`, `tel_num`, `rst_holiday`, `rst_pay`, `rst_info`, `photo1`, `user_id`, `discount`) VALUES
(2, 'おみせ', 'どこか', '00:00:00', '00:00:00', '000-0001-1000', 73, 3, '', '', 'u0003', 0),
(3, '店舗', '住所', '10:30:00', '16:30:00', '000-0000-2000', 128, 15, '', '', 'u0004', 0),
(5, 'ハンバーガー', '福岡県', '00:00:00', '00:00:00', '000-2000-2000', 128, 15, '', '', 'u0001', 0),
(10, '麺屋', '福岡県', '09:00:00', '22:00:00', '000-1000-1200', 18, 15, '', NULL, 'u0002', 1),
(11, 'ファストフード', '福岡市東区', '10:30:00', '22:00:00', '000-1000-1201', 128, 15, '', NULL, 'u0004', 0);

-- --------------------------------------------------------

--
-- テーブルの構造 `t_rst_genre`
--

CREATE TABLE `t_rst_genre` (
  `rst_id` bigint NOT NULL COMMENT '登録店舗ID',
  `genre_id` int NOT NULL COMMENT 'ジャンル種別ID'
) ENGINE=InnoDB DEFAULT CHARSET=utf8mb4 COLLATE=utf8mb4_unicode_ci COMMENT='ジャンル';

--
-- テーブルのデータのダンプ `t_rst_genre`
--

INSERT INTO `t_rst_genre` (`rst_id`, `genre_id`) VALUES
(3, 5),
(3, 7),
(5, 6),
(2, 2),
(2, 7),
(2, 9),
(10, 1),
(10, 2),
(10, 3),
(10, 11),
(11, 6),
(1, 1),
(1, 4),
(1, 8);

-- --------------------------------------------------------

--
-- テーブルの構造 `t_user`
--

CREATE TABLE `t_user` (
  `user_id` char(16) COLLATE utf8mb4_unicode_ci NOT NULL COMMENT 'ユーザID',
  `user_l_name` varchar(16) COLLATE utf8mb4_unicode_ci NOT NULL COMMENT '本名＿姓',
  `user_f_name` varchar(16) COLLATE utf8mb4_unicode_ci NOT NULL COMMENT '本名＿名',
  `user_l_kana` varchar(16) COLLATE utf8mb4_unicode_ci NOT NULL COMMENT '本名＿姓（カナ）',
  `user_f_kana` varchar(16) COLLATE utf8mb4_unicode_ci NOT NULL COMMENT '本名＿名（カナ）',
  `user_account` varchar(32) COLLATE utf8mb4_unicode_ci NOT NULL COMMENT 'アカウント名',
  `password` varchar(32) COLLATE utf8mb4_unicode_ci NOT NULL COMMENT 'パスワード',
  `usertype_id` int NOT NULL COMMENT 'ユーザ種別ID'
) ENGINE=InnoDB DEFAULT CHARSET=utf8mb4 COLLATE=utf8mb4_unicode_ci COMMENT='ユーザ';

--
-- テーブルのデータのダンプ `t_user`
--

INSERT INTO `t_user` (`user_id`, `user_l_name`, `user_f_name`, `user_l_kana`, `user_f_kana`, `user_account`, `password`, `usertype_id`) VALUES
('admin', '管理者', '　', 'カンリシャ', '　', '管理者', '5678', 9),
('test', 'ユーザ', 'テスト', 'ユーザ', 'テスト', 'テスト', '1234', 2),
('test2', '確認', 'テスト', 'カクニン', 'テスト', 'こんにちは', '5432', 2),
('u0001', '佐藤', '太郎', 'サトウ', 'タロウ', '粉砂糖', '1234', 1),
('u0002', '鈴木', '花子', 'スズキ', 'ハナコ', '花子', '1234', 1),
('u0003', '高橋', '一郎', 'タカハシ', 'イチロウ', 'タカハシ', '1234', 1),
('u0004', '田中', '美咲', 'タナカ', 'ミサキ', 'misaki', '1234', 1),
('u0005', '渡辺', '健', 'ワタナベ', 'ケン', 'ワタナベ', '1234', 1),
('u0006', '伊藤', '優', 'イトウ', 'ユウ', 'YOU', '1234', 1),
('u0007', '山本', '彩', 'ヤマモト', 'アヤ', 'aya', '1234', 1),
('u0008', '中村', '翔', 'ナカムラ', 'ショウ', '中村', '1234', 1),
('u0009', '小林', '奈々', 'コバヤシ', 'ナナ', 'NANA', '1234', 1),
('u0010', '加藤', '直樹', 'カトウ', 'ナオキ', '加藤直樹', '1234', 1);

-- --------------------------------------------------------

--
-- テーブルの構造 `t_usertype`
--

CREATE TABLE `t_usertype` (
  `usertype_id` int NOT NULL COMMENT 'ユーザ種別ID',
  `usertype` varchar(16) COLLATE utf8mb4_unicode_ci NOT NULL COMMENT 'ユーザ種別'
) ENGINE=InnoDB DEFAULT CHARSET=utf8mb4 COLLATE=utf8mb4_unicode_ci COMMENT='ユーザ種別';

--
-- テーブルのデータのダンプ `t_usertype`
--

INSERT INTO `t_usertype` (`usertype_id`, `usertype`) VALUES
(1, '社員'),
(2, '停止中'),
(9, '管理者');

--
-- ダンプしたテーブルのインデックス
--

--
-- テーブルのインデックス `t_genre`
--
ALTER TABLE `t_genre`
  ADD PRIMARY KEY (`genre_id`);

--
-- テーブルのインデックス `t_report`
--
ALTER TABLE `t_report`
  ADD PRIMARY KEY (`report_id`),
  ADD UNIQUE KEY `report_id` (`report_id`);

--
-- テーブルのインデックス `t_review`
--
ALTER TABLE `t_review`
  ADD PRIMARY KEY (`review_id`),
  ADD UNIQUE KEY `review_id` (`review_id`);

--
-- テーブルのインデックス `t_rstinfo`
--
ALTER TABLE `t_rstinfo`
  ADD PRIMARY KEY (`rst_id`),
  ADD UNIQUE KEY `rst_id` (`rst_id`);

--
-- テーブルのインデックス `t_user`
--
ALTER TABLE `t_user`
  ADD PRIMARY KEY (`user_id`);

--
-- テーブルのインデックス `t_usertype`
--
ALTER TABLE `t_usertype`
  ADD PRIMARY KEY (`usertype_id`);

--
-- ダンプしたテーブルの AUTO_INCREMENT
--

--
-- テーブルの AUTO_INCREMENT `t_report`
--
ALTER TABLE `t_report`
  MODIFY `report_id` bigint UNSIGNED NOT NULL AUTO_INCREMENT COMMENT '通報ID';

--
-- テーブルの AUTO_INCREMENT `t_review`
--
ALTER TABLE `t_review`
  MODIFY `review_id` bigint UNSIGNED NOT NULL AUTO_INCREMENT COMMENT '口コミID', AUTO_INCREMENT=18;

--
-- テーブルの AUTO_INCREMENT `t_rstinfo`
--
ALTER TABLE `t_rstinfo`
  MODIFY `rst_id` bigint UNSIGNED NOT NULL AUTO_INCREMENT COMMENT '店舗ID', AUTO_INCREMENT=12;
COMMIT;

/*!40101 SET CHARACTER_SET_CLIENT=@OLD_CHARACTER_SET_CLIENT */;
/*!40101 SET CHARACTER_SET_RESULTS=@OLD_CHARACTER_SET_RESULTS */;
/*!40101 SET COLLATION_CONNECTION=@OLD_COLLATION_CONNECTION */;
